MATERIAL.1,THICKNESS.1,COATING.EG.1,COATING.HDG.1,COATING.WEIGHT.1,SURFACE.CLASS.1,MATERIAL.2,THICKNESS.2,COATING.EG.2,COATING.HDG.2,COATING.WEIGHT.2,SURFACE.CLASS.2,WELD.FORCE,MIN.BUTTON.DIA.OF.STACK.UP,WELD.CURRENT,WELD.TIME,QualityClass
5,0.8,0,0,0,3,5,0.8,0,0,0,3,674,5,7.3,720,Discrepant
5,0.8,0,0,0,3,5,0.8,0,0,0,3,674,5,7.3,720,Undersized
5,0.8,0,0,0,3,5,0.8,0,0,0,3,674,5,7.3,720,Undersized
5,0.8,0,0,0,3,5,0.8,0,0,0,3,674,5,7.6,720,Undersized
5,0.8,0,0,0,3,5,0.8,0,0,0,3,674,5,7.6,720,Satisfactory
5,0.8,0,0,0,3,5,0.8,0,0,0,3,674,5,7.6,720,Satisfactory
5,0.8,0,0,0,3,5,0.8,0,0,0,3,674,5,7.9,720,Discrepant
5,0.8,0,0,0,3,5,0.8,0,0,0,3,674,5,7.9,720,Undersized
5,0.8,0,0,0,3,5,0.8,0,0,0,3,674,5,7.9,720,Satisfactory
5,0.8,0,0,0,3,5,0.8,0,0,0,3,674,5,8.2,720,Undersized
5,0.8,0,0,0,3,5,0.8,0,0,0,3,674,5,8.2,720,Satisfactory
5,0.8,0,0,0,3,5,0.8,0,0,0,3,674,5,8.2,720,Satisfactory
5,0.8,0,0,0,3,5,0.8,0,0,0,3,674,5,8.5,720,Undersized
5,0.8,0,0,0,3,5,0.8,0,0,0,3,674,5,8.5,720,Satisfactory
5,0.8,0,0,0,3,5,0.8,0,0,0,3,674,5,8.5,720,Satisfactory
5,0.8,0,0,0,3,5,0.8,0,0,0,3,674,5,8.8,720,Undersized
5,0.8,0,0,0,3,5,0.8,0,0,0,3,674,5,8.8,720,Undersized
5,0.8,0,0,0,3,5,0.8,0,0,0,3,674,5,8.8,720,Satisfactory
4,1.2,0,1,70,1,4,1.4,0,1,70,1,899,6,7.5,300,Discrepant
4,1.2,0,1,70,1,4,1.4,0,1,70,1,899,6,7.5,300,Undersized
4,1.2,0,1,70,1,4,1.4,0,1,70,1,899,6,7.5,300,Satisfactory
4,1.2,0,1,70,1,4,1.4,0,1,70,1,899,6,7.8,300,Undersized
4,1.2,0,1,70,1,4,1.4,0,1,70,1,899,6,7.8,300,Satisfactory
4,1.2,0,1,70,1,4,1.4,0,1,70,1,899,6,7.8,300,Satisfactory
4,1.2,0,1,70,1,4,1.4,0,1,70,1,899,6,8.1,300,Undersized
4,1.2,0,1,70,1,4,1.4,0,1,70,1,899,6,8.1,300,Satisfactory
4,1.2,0,1,70,1,4,1.4,0,1,70,1,899,6,8.1,300,Satisfactory
4,1.2,0,1,70,1,4,1.4,0,1,70,1,899,6,8.4,300,Satisfactory
4,1.2,0,1,70,1,4,1.4,0,1,70,1,899,6,8.4,300,Satisfactory
4,1.2,0,1,70,1,4,1.4,0,1,70,1,899,6,8.4,300,Satisfactory
4,1.2,0,1,70,1,4,1.4,0,1,70,1,899,6,8.7,300,Satisfactory
4,1.2,0,1,70,1,4,1.4,0,1,70,1,899,6,8.7,300,Satisfactory
4,1.2,0,1,70,1,4,1.4,0,1,70,1,899,6,9,300,Satisfactory
4,1.2,0,1,70,1,4,1.4,0,1,70,1,899,6,9,300,Satisfactory
4,1.2,0,1,70,1,4,1.4,0,1,70,1,899,6,9.3,300,Satisfactory
4,1.2,0,1,70,1,4,1.4,0,1,70,1,899,6,9.3,300,Satisfactory
4,1.2,0,1,70,1,4,1.4,0,1,70,1,899,6,9.6,300,Satisfactory
4,1.2,0,1,70,1,4,1.4,0,1,70,1,899,6,9.6,300,Satisfactory
4,1.2,0,1,70,1,4,1.4,0,1,70,1,899,6,9.9,300,Undersized
4,1.2,0,1,70,1,4,1.4,0,1,70,1,899,6,9.9,300,Undersized
4,1.2,0,1,70,1,4,1.4,0,1,70,1,899,6,9.9,300,Satisfactory
4,1.2,0,1,70,1,4,1.4,0,1,70,1,899,6,9.9,300,Satisfactory
4,1.2,0,1,70,1,4,1.4,0,1,70,1,899,6,9.9,300,Satisfactory
4,1.4,0,1,70,1,4,1.4,0,1,70,1,499,6,7.5,300,Discrepant
4,1.4,0,1,70,1,4,1.4,0,1,70,1,499,6,7.5,300,Discrepant
4,1.4,0,1,70,1,4,1.4,0,1,70,1,499,6,7.8,300,Discrepant
4,1.4,0,1,70,1,4,1.4,0,1,70,1,499,6,7.8,300,Undersized
4,1.4,0,1,70,1,4,1.4,0,1,70,1,499,6,7.8,300,Undersized
4,1.4,0,1,70,1,4,1.4,0,1,70,1,499,6,8.1,300,Undersized
4,1.4,0,1,70,1,4,1.4,0,1,70,1,499,6,8.1,300,Undersized
4,1.4,0,1,70,1,4,1.4,0,1,70,1,499,6,8.1,300,Satisfactory
4,1.4,0,1,70,1,4,1.4,0,1,70,1,499,6,8.4,300,Undersized
4,1.4,0,1,70,1,4,1.4,0,1,70,1,499,6,8.4,300,Undersized
4,1.4,0,1,70,1,4,1.4,0,1,70,1,499,6,8.4,300,Undersized
4,1.4,0,1,70,1,4,1.4,0,1,70,1,499,6,8.7,300,Undersized
4,1.4,0,1,70,1,4,1.4,0,1,70,1,499,6,8.7,300,Undersized
4,1.4,0,1,70,1,4,1.4,0,1,70,1,499,6,9,300,Satisfactory
4,1.4,0,1,70,1,4,1.4,0,1,70,1,499,6,9,300,Satisfactory
4,1.4,0,1,70,1,4,1.4,0,1,70,1,499,6,9,300,Satisfactory
4,1.4,0,1,70,1,4,1.4,0,1,70,1,499,6,9.3,300,Satisfactory
4,1.4,0,1,70,1,4,1.4,0,1,70,1,499,6,9.3,300,Satisfactory
4,1.4,0,1,70,1,4,1.4,0,1,70,1,499,6,9.6,300,Satisfactory
4,1.4,0,1,70,1,4,1.4,0,1,70,1,499,6,9.6,300,Satisfactory
4,1.4,0,1,70,1,4,1.4,0,1,70,1,499,6,9.6,300,Satisfactory
4,1.4,0,1,70,1,4,1.4,0,1,70,1,499,6,9.6,300,Satisfactory
4,1.4,0,1,70,1,4,1.4,0,1,70,1,499,6,9.6,300,Satisfactory
4,1.4,0,1,70,1,4,1.4,0,1,70,1,499,6,9.9,300,Satisfactory
4,1.4,0,1,70,1,4,1.4,0,1,70,1,499,6,9.9,300,Satisfactory
4,1.4,0,1,70,1,4,1.4,0,1,70,1,499,6,9.9,300,Satisfactory
4,1.4,0,1,70,1,4,1.4,0,1,70,1,499,6,10.2,300,Satisfactory
4,1.4,0,1,70,1,4,1.4,0,1,70,1,499,6,10.2,300,Satisfactory
4,1.4,0,1,70,1,4,1.4,0,1,70,1,499,6,10.2,300,Satisfactory
4,1.4,0,1,70,1,4,1.4,0,1,70,1,499,6,10.2,300,Satisfactory
4,1.4,0,1,70,1,4,1.4,0,1,70,1,499,6,10.2,300,Satisfactory
4,1.4,0,1,70,1,4,1.4,0,1,70,1,741,6,8.1,300,Undersized
4,1.4,0,1,70,1,4,1.4,0,1,70,1,741,6,8.1,300,Undersized
4,1.4,0,1,70,1,4,1.4,0,1,70,1,741,6,8.4,300,Undersized
4,1.4,0,1,70,1,4,1.4,0,1,70,1,741,6,8.4,300,Undersized
4,1.4,0,1,70,1,4,1.4,0,1,70,1,741,6,8.7,300,Undersized
4,1.4,0,1,70,1,4,1.4,0,1,70,1,741,6,8.7,300,Undersized
4,1.4,0,1,70,1,4,1.4,0,1,70,1,741,6,8.7,300,Satisfactory
4,1.4,0,1,70,1,4,1.4,0,1,70,1,741,6,9,300,Undersized
4,1.4,0,1,70,1,4,1.4,0,1,70,1,741,6,9,300,Undersized
4,1.4,0,1,70,1,4,1.4,0,1,70,1,741,6,9,300,Satisfactory
4,1.4,0,1,70,1,4,1.4,0,1,70,1,741,6,9.3,300,Satisfactory
4,1.4,0,1,70,1,4,1.4,0,1,70,1,741,6,9.3,300,Satisfactory
4,1.4,0,1,70,1,4,1.4,0,1,70,1,741,6,9.3,300,Satisfactory
4,1.4,0,1,70,1,4,1.4,0,1,70,1,741,6,9.3,300,Satisfactory
4,1.4,0,1,70,1,4,1.4,0,1,70,1,741,6,9.3,300,Satisfactory
4,1.4,0,1,70,1,4,1.4,0,1,70,1,741,6,9.6,300,Satisfactory
4,1.4,0,1,70,1,4,1.4,0,1,70,1,741,6,9.6,300,Satisfactory
4,1.4,0,1,70,1,4,1.4,0,1,70,1,741,6,9.6,300,Satisfactory
4,1.4,0,1,70,1,4,1.4,0,1,70,1,741,6,9.8,300,Satisfactory
4,1.4,0,1,70,1,4,1.4,0,1,70,1,741,6,9.8,300,Satisfactory
4,1.4,0,1,70,1,4,1.4,0,1,70,1,741,6,9.8,300,Satisfactory
4,1.4,0,1,70,1,4,1.4,0,1,70,1,741,6,9.9,300,Satisfactory
4,1.4,0,1,70,1,4,1.4,0,1,70,1,741,6,9.9,300,Satisfactory
4,1.4,0,1,70,1,4,1.4,0,1,70,1,741,6,10.2,300,Satisfactory
4,1.4,0,1,70,1,4,1.4,0,1,70,1,741,6,10.2,300,Satisfactory
4,1.4,0,1,70,1,4,1.4,0,1,70,1,741,6,10.2,300,Satisfactory
4,1.4,0,1,70,1,4,1.4,0,1,70,1,741,6,10.3,300,Satisfactory
4,1.4,0,1,70,1,4,1.4,0,1,70,1,741,6,10.3,300,Satisfactory
4,1.4,0,1,70,1,4,1.4,0,1,70,1,741,6,10.3,300,Satisfactory
4,1.4,0,1,70,1,4,1.4,0,1,70,1,741,6,10.5,300,Satisfactory
4,1.4,0,1,70,1,4,1.4,0,1,70,1,741,6,10.5,300,Satisfactory
4,1.4,0,1,70,1,4,1.4,0,1,70,1,741,6,10.8,300,Satisfactory
4,1.4,0,1,70,1,4,1.4,0,1,70,1,741,6,10.8,300,Satisfactory
4,1.4,0,1,70,1,4,1.4,0,1,70,1,741,6,10.8,300,Satisfactory
4,1.4,0,1,70,1,4,1.4,0,1,70,1,741,6,10.8,300,Satisfactory
4,1.4,0,1,70,1,4,1.4,0,1,70,1,741,6,10.8,300,Satisfactory
4,1.4,0,1,70,1,4,1.4,0,1,70,1,741,6,11.1,300,Satisfactory
4,1.4,0,1,70,1,4,1.4,0,1,70,1,741,6,11.1,300,Satisfactory
4,1.4,0,1,70,1,4,1.4,0,1,70,1,741,6,11.3,300,Satisfactory
4,1.4,0,1,70,1,4,1.4,0,1,70,1,741,6,11.3,300,Satisfactory
4,1.4,0,1,70,1,4,1.4,0,1,70,1,741,6,11.3,300,Satisfactory
4,1.4,0,1,70,1,4,1.4,0,1,70,1,741,6,11.4,300,Satisfactory
4,1.4,0,1,70,1,4,1.4,0,1,70,1,741,6,11.4,300,Satisfactory
4,1.4,0,1,70,1,4,1.4,0,1,70,1,741,6,11.7,300,Satisfactory
4,1.4,0,1,70,1,4,1.4,0,1,70,1,741,6,11.7,300,Satisfactory
4,1.4,0,1,70,1,4,1.4,0,1,70,1,741,6,11.7,300,Satisfactory
4,1.4,0,1,70,1,4,1.4,0,1,70,1,741,6,11.8,300,Satisfactory
4,1.4,0,1,70,1,4,1.4,0,1,70,1,741,6,11.8,300,Satisfactory
4,1.4,0,1,70,1,4,1.4,0,1,70,1,741,6,11.8,300,Satisfactory
4,1.4,0,1,70,1,4,1.4,0,1,70,1,741,6,12,300,Undersized
4,1.4,0,1,70,1,4,1.4,0,1,70,1,741,6,12,300,Undersized
4,1.4,0,1,70,1,4,1.4,0,1,70,1,741,6,12,300,Satisfactory
4,1.4,0,1,70,1,4,1.4,0,1,70,1,899,6,8.7,600,Undersized
4,1.4,0,1,70,1,4,1.4,0,1,70,1,899,6,8.7,600,Undersized
4,1.4,0,1,70,1,4,1.4,0,1,70,1,899,6,8.7,600,Undersized
4,1.4,0,1,70,1,4,1.4,0,1,70,1,899,6,8.7,700,Undersized
4,1.4,0,1,70,1,4,1.4,0,1,70,1,899,6,8.7,700,Undersized
4,1.4,0,1,70,1,4,1.4,0,1,70,1,899,6,8.7,700,Undersized
4,1.4,0,1,70,1,4,1.4,0,1,70,1,899,6,9,700,Undersized
4,1.4,0,1,70,1,4,1.4,0,1,70,1,899,6,9,700,Undersized
4,1.4,0,1,70,1,4,1.4,0,1,70,1,899,6,9,700,Undersized
4,1.4,0,1,70,1,4,1.4,0,1,70,1,899,6,9.2,600,Satisfactory
4,1.4,0,1,70,1,4,1.4,0,1,70,1,899,6,9.2,600,Satisfactory
4,1.4,0,1,70,1,4,1.4,0,1,70,1,899,6,9.2,600,Satisfactory
4,1.4,0,1,70,1,4,1.4,0,1,70,1,899,6,9.3,700,Satisfactory
4,1.4,0,1,70,1,4,1.4,0,1,70,1,899,6,9.3,700,Satisfactory
4,1.4,0,1,70,1,4,1.4,0,1,70,1,899,6,9.3,700,Satisfactory
4,1.4,0,1,70,1,4,1.4,0,1,70,1,899,6,9.6,700,Undersized
4,1.4,0,1,70,1,4,1.4,0,1,70,1,899,6,9.6,700,Satisfactory
4,1.4,0,1,70,1,4,1.4,0,1,70,1,899,6,9.6,700,Satisfactory
4,1.4,0,1,70,1,4,1.4,0,1,70,1,899,6,9.7,600,Satisfactory
4,1.4,0,1,70,1,4,1.4,0,1,70,1,899,6,9.7,600,Satisfactory
4,1.4,0,1,70,1,4,1.4,0,1,70,1,899,6,9.7,600,Satisfactory
4,1.4,0,1,70,1,4,1.4,0,1,70,1,899,6,9.9,700,Satisfactory
4,1.4,0,1,70,1,4,1.4,0,1,70,1,899,6,9.9,700,Satisfactory
4,1.4,0,1,70,1,4,1.4,0,1,70,1,899,6,9.9,700,Satisfactory
4,1.4,0,1,70,1,4,1.4,0,1,70,1,899,6,10.2,600,Undersized
4,1.4,0,1,70,1,4,1.4,0,1,70,1,899,6,10.2,600,Satisfactory
4,1.4,0,1,70,1,4,1.4,0,1,70,1,899,6,10.2,600,Satisfactory
4,1.4,0,1,70,1,4,1.4,0,1,70,1,899,6,10.2,700,Satisfactory
4,1.4,0,1,70,1,4,1.4,0,1,70,1,899,6,10.2,700,Satisfactory
4,1.4,0,1,70,1,4,1.4,0,1,70,1,899,6,10.2,700,Satisfactory
4,1.4,0,1,70,1,4,1.4,0,1,70,1,1124,6,7.5,300,Discrepant
4,1.4,0,1,70,1,4,1.4,0,1,70,1,1124,6,7.5,300,Discrepant
4,1.4,0,1,70,1,4,1.4,0,1,70,1,1124,6,7.5,300,Satisfactory
4,1.4,0,1,70,1,4,1.4,0,1,70,1,1124,6,7.8,300,Discrepant
4,1.4,0,1,70,1,4,1.4,0,1,70,1,1124,6,7.8,300,Undersized
4,1.4,0,1,70,1,4,1.4,0,1,70,1,1124,6,7.8,300,Undersized
4,1.4,0,1,70,1,4,1.4,0,1,70,1,1124,6,8.1,300,Discrepant
4,1.4,0,1,70,1,4,1.4,0,1,70,1,1124,6,8.1,300,Undersized
4,1.4,0,1,70,1,4,1.4,0,1,70,1,1124,6,8.4,300,Discrepant
4,1.4,0,1,70,1,4,1.4,0,1,70,1,1124,6,8.4,300,Undersized
4,1.4,0,1,70,1,4,1.4,0,1,70,1,1124,6,8.7,300,Undersized
4,1.4,0,1,70,1,4,1.4,0,1,70,1,1124,6,8.7,300,Undersized
4,1.4,0,1,70,1,4,1.4,0,1,70,1,1124,6,8.7,300,Undersized
4,1.4,0,1,70,1,4,1.4,0,1,70,1,1124,6,9,300,Undersized
4,1.4,0,1,70,1,4,1.4,0,1,70,1,1124,6,9,300,Undersized
4,1.4,0,1,70,1,4,1.4,0,1,70,1,1124,6,9.3,300,Undersized
4,1.4,0,1,70,1,4,1.4,0,1,70,1,1124,6,9.3,300,Undersized
4,1.4,0,1,70,1,4,1.4,0,1,70,1,1124,6,9.3,300,Undersized
4,1.4,0,1,70,1,4,1.4,0,1,70,1,1124,6,9.6,300,Satisfactory
4,1.4,0,1,70,1,4,1.4,0,1,70,1,1124,6,9.6,300,Satisfactory
4,1.4,0,1,70,1,4,1.4,0,1,70,1,1124,6,9.6,300,Satisfactory
4,1.4,0,1,70,1,4,1.4,0,1,70,1,1124,6,9.9,300,Satisfactory
4,1.4,0,1,70,1,4,1.4,0,1,70,1,1124,6,9.9,300,Satisfactory
4,1.4,0,1,70,1,4,1.4,0,1,70,1,1124,6,10.2,300,Satisfactory
4,1.4,0,1,70,1,4,1.4,0,1,70,1,1124,6,10.2,300,Satisfactory
4,1.4,0,1,70,1,4,1.4,0,1,70,1,1124,6,10.5,300,Undersized
4,1.4,0,1,70,1,4,1.4,0,1,70,1,1124,6,10.5,300,Satisfactory
4,1.4,0,1,70,1,4,1.4,0,1,70,1,1124,6,10.5,300,Satisfactory
4,1.4,0,1,70,1,4,1.4,0,1,70,1,1124,6,10.5,300,Satisfactory
4,1.5,0,1,50,1,3,1.5,0,1,50,1,989,5,8.1,410,Discrepant
4,1.5,0,1,50,1,3,1.5,0,1,50,1,989,5,8.1,410,Discrepant
4,1.5,0,1,50,1,3,1.5,0,1,50,1,989,5,8.1,410,Discrepant
4,1.5,0,1,50,1,3,1.5,0,1,50,1,989,5,8.4,410,Undersized
4,1.5,0,1,50,1,3,1.5,0,1,50,1,989,5,8.4,410,Satisfactory
4,1.5,0,1,50,1,3,1.5,0,1,50,1,989,5,8.4,410,Satisfactory
4,1.5,0,1,50,1,3,1.5,0,1,50,1,989,5,8.7,410,Satisfactory
4,1.5,0,1,50,1,3,1.5,0,1,50,1,989,5,8.7,410,Satisfactory
4,1.5,0,1,50,1,3,1.5,0,1,50,1,989,5,8.7,410,Satisfactory
4,1.5,0,1,50,1,3,1.5,0,1,50,1,989,5,9,410,Satisfactory
4,1.5,0,1,50,1,3,1.5,0,1,50,1,989,5,9,410,Satisfactory
4,1.5,0,1,50,1,3,1.5,0,1,50,1,989,5,9,410,Satisfactory
4,1.5,0,1,50,1,3,1.5,0,1,50,1,989,5,9.3,410,Satisfactory
4,1.5,0,1,50,1,3,1.5,0,1,50,1,989,5,9.3,410,Satisfactory
4,1.5,0,1,50,1,3,1.5,0,1,50,1,989,5,9.6,410,Satisfactory
4,1.5,0,1,50,1,3,1.5,0,1,50,1,989,5,9.6,410,Satisfactory
4,1.5,0,1,50,1,3,1.5,0,1,50,1,989,5,9.6,410,Satisfactory
4,1.5,0,1,50,1,3,1.5,0,1,50,1,989,5,9.9,410,Satisfactory
4,1.5,0,1,50,1,3,1.5,0,1,50,1,989,5,9.9,410,Satisfactory
4,1.5,0,1,50,1,3,1.5,0,1,50,1,989,5,9.9,410,Satisfactory
4,1.5,0,1,50,1,3,1.5,0,1,50,1,989,5,10.2,410,Satisfactory
4,1.5,0,1,50,1,3,1.5,0,1,50,1,989,5,10.2,410,Satisfactory
4,1.5,0,1,50,1,3,1.5,0,1,50,1,989,5,10.2,410,Satisfactory
4,1.5,0,1,50,1,3,1.5,0,1,50,1,989,5,10.5,410,Satisfactory
4,1.5,0,1,50,1,3,1.5,0,1,50,1,989,5,10.5,410,Satisfactory
4,1.5,0,1,50,1,3,1.5,0,1,50,1,989,5,10.5,410,Satisfactory
4,1.5,0,1,50,1,3,1.5,0,1,50,1,989,5,10.8,410,Satisfactory
4,1.5,0,1,50,1,3,1.5,0,1,50,1,989,5,10.8,410,Satisfactory
4,1.5,0,1,50,1,3,1.5,0,1,50,1,989,5,10.8,410,Satisfactory
4,1.5,0,1,50,1,3,1.5,0,1,50,1,989,5,11.1,410,Satisfactory
4,1.5,0,1,50,1,3,1.5,0,1,50,1,989,5,11.1,410,Satisfactory
4,1.5,0,1,50,1,3,1.5,0,1,50,1,989,5,11.1,410,Satisfactory
4,1.5,0,1,50,1,3,1.5,0,1,50,1,989,5,11.4,410,Satisfactory
4,1.5,0,1,50,1,3,1.5,0,1,50,1,989,5,11.4,410,Satisfactory
4,1.5,0,1,50,1,3,1.5,0,1,50,1,989,5,11.4,410,Satisfactory
4,1.5,0,1,50,1,3,1.5,0,1,50,1,989,5,11.7,410,Satisfactory
4,1.5,0,1,50,1,3,1.5,0,1,50,1,989,5,11.7,410,Satisfactory
4,1.5,0,1,50,1,3,1.5,0,1,50,1,989,5,11.7,410,Satisfactory
4,1.5,0,1,50,1,3,1.5,0,1,50,1,989,5,12,410,Satisfactory
4,1.5,0,1,50,1,3,1.5,0,1,50,1,989,5,12.3,410,Satisfactory
4,1.5,0,1,50,1,3,1.5,0,1,50,1,989,5,12.3,410,Satisfactory
4,1.5,0,1,50,1,3,1.5,0,1,50,1,989,5,12.3,410,Satisfactory
4,1.5,0,1,50,1,3,1.5,0,1,50,1,989,5,12.6,410,Satisfactory
4,1.5,0,1,50,1,3,1.5,0,1,50,1,989,5,12.6,410,Satisfactory
4,1.5,0,1,50,1,3,1.5,0,1,50,1,989,5,12.6,410,Satisfactory
4,1.5,0,1,50,1,3,1.5,0,1,50,1,989,5,12.9,410,Satisfactory
4,1.5,0,1,50,1,3,1.5,0,1,50,1,989,5,12.9,410,Satisfactory
4,1.5,0,1,50,1,3,1.5,0,1,50,1,989,5,13.2,410,Satisfactory
4,1.5,0,1,50,1,3,1.5,0,1,50,1,989,5,13.2,410,Satisfactory
4,1.5,0,1,50,1,3,1.5,0,1,50,1,989,5,13.5,410,Satisfactory
4,1.5,0,1,50,1,3,1.5,0,1,50,1,989,5,13.5,410,Satisfactory
4,1.5,0,1,50,1,3,1.5,0,1,50,1,989,5,13.5,410,Satisfactory
3,0.8,0,1,60,1,3,1,0,1,60,1,670,3.7,4.7,200.04,Discrepant
3,0.8,0,1,60,1,3,1,0,1,60,1,670,3.7,5,200.04,Discrepant
3,0.8,0,1,60,1,3,1,0,1,60,1,670,3.7,5.3,166.7,Discrepant
3,0.8,0,1,60,1,3,1,0,1,60,1,670,3.7,5.4,200.04,Discrepant
3,0.8,0,1,60,1,3,1,0,1,60,1,670,3.7,5.6,166.7,Discrepant
3,0.8,0,1,60,1,3,1,0,1,60,1,670,3.7,5.7,200.04,Discrepant
3,0.8,0,1,60,1,3,1,0,1,60,1,670,3.7,5.9,166.7,Discrepant
3,0.8,0,1,60,1,3,1,0,1,60,1,670,3.7,6,200.04,Discrepant
3,0.8,0,1,60,1,3,1,0,1,60,1,670,3.7,6.1,233.38,Discrepant
3,0.8,0,1,60,1,3,1,0,1,60,1,670,3.7,6.2,166.7,Discrepant
3,0.8,0,1,60,1,3,1,0,1,60,1,670,3.7,6.2,200.04,Discrepant
3,0.8,0,1,60,1,3,1,0,1,60,1,670,3.7,6.3,200.04,Discrepant
3,0.8,0,1,60,1,3,1,0,1,60,1,670,3.7,6.5,166.7,Discrepant
3,0.8,0,1,60,1,3,1,0,1,60,1,670,3.7,6.5,166.7,Discrepant
3,0.8,0,1,60,1,3,1,0,1,60,1,670,3.7,6.5,200.04,Discrepant
3,0.8,0,1,60,1,3,1,0,1,60,1,670,3.7,6.5,200.04,Undersized
3,0.8,0,1,60,1,3,1,0,1,60,1,670,3.7,6.5,200.04,Undersized
3,0.8,0,1,60,1,3,1,0,1,60,1,670,3.7,6.5,233.38,Discrepant
3,0.8,0,1,60,1,3,1,0,1,60,1,670,3.7,6.5,233.38,Undersized
3,0.8,0,1,60,1,3,1,0,1,60,1,670,3.7,6.5,233.38,Satisfactory
3,0.8,0,1,60,1,3,1,0,1,60,1,670,3.7,6.6,200.04,Discrepant
3,0.8,0,1,60,1,3,1,0,1,60,1,670,3.7,6.6,200.04,Discrepant
3,0.8,0,1,60,1,3,1,0,1,60,1,670,3.7,6.6,200.04,Undersized
3,0.8,0,1,60,1,3,1,0,1,60,1,670,3.7,6.6,233.38,Discrepant
3,0.8,0,1,60,1,3,1,0,1,60,1,670,3.7,6.6,233.38,Undersized
3,0.8,0,1,60,1,3,1,0,1,60,1,670,3.7,6.7,166.7,Discrepant
3,0.8,0,1,60,1,3,1,0,1,60,1,670,3.7,6.7,166.7,Undersized
3,0.8,0,1,60,1,3,1,0,1,60,1,670,3.7,6.7,166.7,Undersized
3,0.8,0,1,60,1,3,1,0,1,60,1,670,3.7,6.7,200.04,Discrepant
3,0.8,0,1,60,1,3,1,0,1,60,1,670,3.7,6.7,200.04,Undersized
3,0.8,0,1,60,1,3,1,0,1,60,1,670,3.7,6.7,233.38,Discrepant
3,0.8,0,1,60,1,3,1,0,1,60,1,670,3.7,6.7,233.38,Undersized
3,0.8,0,1,60,1,3,1,0,1,60,1,670,3.7,6.7,233.38,Satisfactory
3,0.8,0,1,60,1,3,1,0,1,60,1,670,3.7,6.8,233.38,Discrepant
3,0.8,0,1,60,1,3,1,0,1,60,1,670,3.7,6.8,233.38,Undersized
3,0.8,0,1,60,1,3,1,0,1,60,1,670,3.7,6.8,233.38,Satisfactory
3,0.8,0,1,60,1,3,1,0,1,60,1,670,3.7,6.8,233.38,Satisfactory
3,0.8,0,1,60,1,3,1,0,1,60,1,670,3.7,6.8,233.38,Satisfactory
3,0.8,0,1,60,1,3,1,0,1,60,1,670,3.7,6.9,166.7,Discrepant
3,0.8,0,1,60,1,3,1,0,1,60,1,670,3.7,6.9,166.7,Undersized
3,0.8,0,1,60,1,3,1,0,1,60,1,670,3.7,6.9,200.04,Discrepant
3,0.8,0,1,60,1,3,1,0,1,60,1,670,3.7,6.9,200.04,Discrepant
3,0.8,0,1,60,1,3,1,0,1,60,1,670,3.7,6.9,200.04,Undersized
3,0.8,0,1,60,1,3,1,0,1,60,1,670,3.7,6.9,200.04,Satisfactory
3,0.8,0,1,60,1,3,1,0,1,60,1,670,3.7,6.9,233.38,Discrepant
3,0.8,0,1,60,1,3,1,0,1,60,1,670,3.7,6.9,233.38,Undersized
3,0.8,0,1,60,1,3,1,0,1,60,1,670,3.7,6.9,233.38,Satisfactory
3,0.8,0,1,60,1,3,1,0,1,60,1,670,3.7,7,200.04,Discrepant
3,0.8,0,1,60,1,3,1,0,1,60,1,670,3.7,7,200.04,Satisfactory
3,0.8,0,1,60,1,3,1,0,1,60,1,670,3.7,7,200.04,Satisfactory
3,0.8,0,1,60,1,3,1,0,1,60,1,670,3.7,7,233.38,Discrepant
3,0.8,0,1,60,1,3,1,0,1,60,1,670,3.7,7,233.38,Undersized
3,0.8,0,1,60,1,3,1,0,1,60,1,670,3.7,7,233.38,Satisfactory
3,0.8,0,1,60,1,3,1,0,1,60,1,670,3.7,7,233.38,Satisfactory
3,0.8,0,1,60,1,3,1,0,1,60,1,670,3.7,7.1,166.7,Discrepant
3,0.8,0,1,60,1,3,1,0,1,60,1,670,3.7,7.1,166.7,Satisfactory
3,0.8,0,1,60,1,3,1,0,1,60,1,670,3.7,7.1,233.38,Discrepant
3,0.8,0,1,60,1,3,1,0,1,60,1,670,3.7,7.1,233.38,Satisfactory
3,0.8,0,1,60,1,3,1,0,1,60,1,670,3.7,7.1,233.38,Satisfactory
3,0.8,0,1,60,1,3,1,0,1,60,1,670,3.7,7.2,166.7,Discrepant
3,0.8,0,1,60,1,3,1,0,1,60,1,670,3.7,7.2,166.7,Satisfactory
3,0.8,0,1,60,1,3,1,0,1,60,1,670,3.7,7.2,166.7,Satisfactory
3,0.8,0,1,60,1,3,1,0,1,60,1,670,3.7,7.2,200.04,Satisfactory
3,0.8,0,1,60,1,3,1,0,1,60,1,670,3.7,7.2,200.04,Satisfactory
3,0.8,0,1,60,1,3,1,0,1,60,1,670,3.7,7.3,200.04,Discrepant
3,0.8,0,1,60,1,3,1,0,1,60,1,670,3.7,7.3,200.04,Satisfactory
3,0.8,0,1,60,1,3,1,0,1,60,1,670,3.7,7.4,200.04,Discrepant
3,0.8,0,1,60,1,3,1,0,1,60,1,670,3.7,7.4,200.04,Satisfactory
3,0.8,0,1,60,1,3,1,0,1,60,1,670,3.7,7.4,200.04,Satisfactory
3,0.8,0,1,60,1,3,1,0,1,60,1,670,3.7,7.5,166.7,Discrepant
3,0.8,0,1,60,1,3,1,0,1,60,1,670,3.7,7.5,200.04,Satisfactory
3,0.8,0,1,60,1,3,1,0,1,60,1,670,3.7,7.5,200.04,Satisfactory
3,0.8,0,1,60,1,3,1,0,1,60,1,670,3.7,7.5,200.04,Satisfactory
3,0.8,0,1,60,1,3,1,0,1,60,1,670,3.7,7.6,166.7,Discrepant
3,0.8,0,1,60,1,3,1,0,1,60,1,670,3.7,7.6,200.04,Discrepant
3,0.8,0,1,60,1,3,1,0,1,60,1,670,3.7,7.7,166.7,Discrepant
3,0.8,0,1,60,1,3,1,0,1,60,1,670,3.7,7.7,200.04,Discrepant
3,0.8,0,1,60,1,3,1,0,1,60,1,670,3.7,7.9,166.7,Discrepant
3,0.8,0,1,60,1,3,1,0,1,60,1,670,3.7,8,200.04,Discrepant
3,0.8,0,1,60,1,3,1,0,1,60,1,670,3.7,8.3,200.04,Discrepant
3,0.8,0,1,60,1,3,1,0,1,60,1,670,3.7,8.5,166.7,Discrepant
3,0.8,0,1,60,1,3,1,0,1,60,1,670,3.7,8.5,200.04,Discrepant
3,0.8,0,1,60,1,3,1,0,1,60,1,670,3.7,8.6,166.7,Discrepant
3,0.8,0,1,60,1,3,1,0,1,60,1,670,3.7,8.6,200.04,Discrepant
3,0.8,0,1,60,1,3,1,0,1,60,1,670,3.7,8.7,166.7,Discrepant
3,0.8,0,1,60,1,3,1,0,1,60,1,670,3.7,8.7,200.04,Discrepant
3,0.8,0,1,60,1,3,1,0,1,60,1,670,3.7,8.9,166.7,Discrepant
3,0.8,0,1,60,1,3,1,0,1,60,1,670,3.7,8.9,200.04,Discrepant
3,0.8,0,1,60,1,3,1,0,1,60,1,670,3.7,9.1,200.04,Discrepant
3,0.8,1,1,50,1,3,0.8,0,1,50,1,674,4.5,7.7,720,Satisfactory
3,0.8,1,1,50,1,3,0.8,0,1,50,1,674,4.5,7.7,720,Satisfactory
3,0.8,1,1,50,1,3,0.8,0,1,50,1,674,4.5,7.7,720,Satisfactory
3,0.8,1,1,50,1,3,0.8,0,1,50,1,674,4.5,7.9,720,Undersized
3,0.8,1,1,50,1,3,0.8,0,1,50,1,674,4.5,7.9,720,Undersized
3,0.8,1,1,50,1,3,0.8,0,1,50,1,674,4.5,7.9,720,Undersized
3,0.8,1,1,50,1,3,0.8,0,1,50,1,674,4.5,8,720,Satisfactory
3,0.8,1,1,50,1,3,0.8,0,1,50,1,674,4.5,8,720,Satisfactory
3,0.8,1,1,50,1,3,0.8,0,1,50,1,674,4.5,8.3,720,Satisfactory
3,0.8,1,1,50,1,3,0.8,0,1,50,1,674,4.5,8.3,720,Satisfactory
3,0.8,1,1,50,1,3,0.8,0,1,50,1,674,4.5,8.3,720,Satisfactory
3,0.8,1,1,50,1,3,0.8,0,1,50,1,674,4.5,8.6,720,Satisfactory
3,0.8,1,1,50,1,3,0.8,0,1,50,1,674,4.5,8.6,720,Satisfactory
3,0.8,1,1,50,1,3,0.8,0,1,50,1,674,4.5,8.6,720,Satisfactory
3,1.15,0,0,0,3,3,1.15,0,0,0,3,1024,6,8.5,400,Satisfactory
3,1.15,0,0,0,3,3,1.15,0,0,0,3,1024,6,8.5,400,Satisfactory
3,1.15,0,0,0,3,3,1.15,0,0,0,3,1024,6,8.5,400,Satisfactory
3,1.15,0,0,0,3,3,1.15,0,0,0,3,1024,6,8.9,400,Satisfactory
3,1.15,0,0,0,3,3,1.15,0,0,0,3,1024,6,8.9,400,Satisfactory
3,1.15,0,0,0,3,3,1.15,0,0,0,3,1024,6,9.3,400,Satisfactory
3,1.15,0,0,0,3,3,1.15,0,0,0,3,1024,6,9.3,400,Satisfactory
3,1.15,0,0,0,3,3,1.15,0,0,0,3,1024,6,9.3,400,Satisfactory
3,1.15,0,0,0,3,3,1.15,0,0,0,3,1024,6,9.7,400,Satisfactory
3,1.15,0,0,0,3,3,1.15,0,0,0,3,1024,6,9.7,400,Satisfactory
3,1.15,0,0,0,3,3,1.15,0,0,0,3,1024,6,9.7,400,Satisfactory
3,1.2,0,1,70,1,3,1.2,0,1,70,1,674,6,5.4,340,Undersized
3,1.2,0,1,70,1,3,1.2,0,1,70,1,674,6,5.72,340,Undersized
3,1.2,0,1,70,1,3,1.2,0,1,70,1,674,6,5.99,340,Undersized
3,1.2,0,1,70,1,3,1.2,0,1,70,1,674,6,6.37,340,Undersized
3,1.2,0,1,70,1,3,1.2,0,1,70,1,674,6,6.63,340,Undersized
3,1.2,0,1,70,1,3,1.2,0,1,70,1,674,6,6.81,340,Undersized
3,1.2,0,1,70,1,3,1.2,0,1,70,1,674,6,7.03,340,Undersized
3,1.2,0,1,70,1,3,1.2,0,1,70,1,786,6,8,400,Undersized
3,1.2,0,1,70,1,3,1.2,0,1,70,1,786,6,8,400,Undersized
3,1.2,0,1,70,1,3,1.2,0,1,70,1,786,6,8,400,Undersized
3,1.2,0,1,70,1,3,1.2,0,1,70,1,786,6,8,400,Satisfactory
3,1.2,0,1,70,1,3,1.2,0,1,70,1,786,6,8.3,400,Undersized
3,1.2,0,1,70,1,3,1.2,0,1,70,1,786,6,8.3,400,Undersized
3,1.2,0,1,70,1,3,1.2,0,1,70,1,786,6,8.3,400,Undersized
3,1.2,0,1,70,1,3,1.2,0,1,70,1,786,6,8.3,400,Satisfactory
3,1.2,0,1,70,1,3,1.2,0,1,70,1,786,6,8.3,400,Satisfactory
3,1.2,0,1,70,1,3,1.2,0,1,70,1,786,6,8.6,400,Undersized
3,1.2,0,1,70,1,3,1.2,0,1,70,1,786,6,8.6,400,Undersized
3,1.2,0,1,70,1,3,1.2,0,1,70,1,786,6,8.6,400,Satisfactory
3,1.2,0,1,70,1,3,1.2,0,1,70,1,786,6,8.6,400,Satisfactory
3,1.2,0,1,70,1,3,1.2,0,1,70,1,786,6,8.6,400,Satisfactory
3,1.2,0,1,70,1,3,1.2,0,1,70,1,786,6,8.6,400,Satisfactory
3,1.2,0,1,70,1,3,1.2,0,1,70,1,786,6,8.9,400,Satisfactory
3,1.2,0,1,70,1,3,1.2,0,1,70,1,786,6,8.9,400,Satisfactory
3,1.2,0,1,70,1,3,1.2,0,1,70,1,786,6,8.9,400,Satisfactory
3,1.2,0,1,70,1,3,1.2,0,1,70,1,786,6,8.9,400,Satisfactory
3,1.2,0,1,70,1,3,1.2,0,1,70,1,786,6,9.2,400,Undersized
3,1.2,0,1,70,1,3,1.2,0,1,70,1,786,6,9.2,400,Undersized
3,1.2,0,1,70,1,3,1.2,0,1,70,1,786,6,9.2,400,Satisfactory
3,1.2,0,1,70,1,3,1.2,0,1,70,1,786,6,9.2,400,Satisfactory
3,1.2,0,1,70,1,3,1.2,0,1,70,1,786,6,9.5,400,Undersized
3,1.2,0,1,70,1,3,1.2,0,1,70,1,786,6,9.5,400,Satisfactory
3,1.2,0,1,70,1,3,1.2,0,1,70,1,786,6,9.5,400,Satisfactory
3,1.2,0,1,70,1,3,1.2,0,1,70,1,786,6,9.8,400,Undersized
3,1.2,0,1,70,1,3,1.2,0,1,70,1,786,6,9.8,400,Undersized
3,1.2,0,1,70,1,3,1.2,0,1,70,1,786,6,9.8,400,Undersized
3,1.2,0,1,70,1,3,1.2,0,1,70,1,899,6,8.2,660,Undersized
3,1.2,0,1,70,1,3,1.2,0,1,70,1,899,6,8.2,660,Undersized
3,1.2,0,1,70,1,3,1.2,0,1,70,1,899,6,8.2,660,Undersized
3,1.2,0,1,70,1,3,1.2,0,1,70,1,899,6,8.2,660,Undersized
3,1.2,0,1,70,1,3,1.2,0,1,70,1,899,6,8.2,660,Satisfactory
3,1.2,0,1,70,1,3,1.2,0,1,70,1,899,6,8.5,400,Undersized
3,1.2,0,1,70,1,3,1.2,0,1,70,1,899,6,8.5,400,Undersized
3,1.2,0,1,70,1,3,1.2,0,1,70,1,899,6,8.5,660,Undersized
3,1.2,0,1,70,1,3,1.2,0,1,70,1,899,6,8.5,660,Satisfactory
3,1.2,0,1,70,1,3,1.2,0,1,70,1,899,6,8.5,660,Satisfactory
3,1.2,0,1,70,1,3,1.2,0,1,70,1,899,6,8.5,660,Satisfactory
3,1.2,0,1,70,1,3,1.2,0,1,70,1,899,6,8.5,660,Satisfactory
3,1.2,0,1,70,1,3,1.2,0,1,70,1,899,6,8.8,400,Satisfactory
3,1.2,0,1,70,1,3,1.2,0,1,70,1,899,6,8.8,400,Satisfactory
3,1.2,0,1,70,1,3,1.2,0,1,70,1,899,6,8.8,660,Satisfactory
3,1.2,0,1,70,1,3,1.2,0,1,70,1,899,6,8.8,660,Satisfactory
3,1.2,0,1,70,1,3,1.2,0,1,70,1,899,6,8.8,660,Satisfactory
3,1.2,0,1,70,1,3,1.2,0,1,70,1,899,6,8.8,660,Satisfactory
3,1.2,0,1,70,1,3,1.2,0,1,70,1,899,6,8.8,660,Satisfactory
3,1.2,0,1,70,1,3,1.2,0,1,70,1,899,6,8.8,660,Satisfactory
3,1.2,0,1,70,1,3,1.2,0,1,70,1,899,6,9.1,400,Satisfactory
3,1.2,0,1,70,1,3,1.2,0,1,70,1,899,6,9.1,400,Satisfactory
3,1.2,0,1,70,1,3,1.2,0,1,70,1,899,6,9.1,660,Satisfactory
3,1.2,0,1,70,1,3,1.2,0,1,70,1,899,6,9.1,660,Satisfactory
3,1.2,0,1,70,1,3,1.2,0,1,70,1,899,6,9.1,660,Satisfactory
3,1.2,0,1,70,1,3,1.2,0,1,70,1,899,6,9.1,660,Satisfactory
3,1.2,0,1,70,1,3,1.2,0,1,70,1,899,6,9.1,660,Satisfactory
3,1.2,0,1,70,1,3,1.2,0,1,70,1,899,6,9.1,660,Satisfactory
3,1.2,0,1,70,1,3,1.2,0,1,70,1,899,6,9.2,400,Undersized
3,1.2,0,1,70,1,3,1.2,0,1,70,1,899,6,9.2,400,Satisfactory
3,1.2,0,1,70,1,3,1.2,0,1,70,1,899,6,9.2,400,Satisfactory
3,1.2,0,1,70,1,3,1.2,0,1,70,1,899,6,9.4,400,Satisfactory
3,1.2,0,1,70,1,3,1.2,0,1,70,1,899,6,9.4,400,Satisfactory
3,1.2,0,1,70,1,3,1.2,0,1,70,1,899,6,9.4,400,Satisfactory
3,1.2,0,1,70,1,3,1.2,0,1,70,1,899,6,9.4,660,Satisfactory
3,1.2,0,1,70,1,3,1.2,0,1,70,1,899,6,9.4,660,Satisfactory
3,1.2,0,1,70,1,3,1.2,0,1,70,1,899,6,9.4,660,Satisfactory
3,1.2,0,1,70,1,3,1.2,0,1,70,1,899,6,9.4,660,Satisfactory
3,1.2,0,1,70,1,3,1.2,0,1,70,1,899,6,9.4,660,Satisfactory
3,1.2,0,1,70,1,3,1.2,0,1,70,1,899,6,9.4,660,Satisfactory
3,1.2,0,1,70,1,3,1.2,0,1,70,1,899,6,9.5,400,Undersized
3,1.2,0,1,70,1,3,1.2,0,1,70,1,899,6,9.5,400,Satisfactory
3,1.2,0,1,70,1,3,1.2,0,1,70,1,899,6,9.7,400,Satisfactory
3,1.2,0,1,70,1,3,1.2,0,1,70,1,899,6,9.7,400,Satisfactory
3,1.2,0,1,70,1,3,1.2,0,1,70,1,899,6,9.7,400,Satisfactory
3,1.2,0,1,70,1,3,1.2,0,1,70,1,899,6,9.7,660,Satisfactory
3,1.2,0,1,70,1,3,1.2,0,1,70,1,899,6,9.7,660,Satisfactory
3,1.2,0,1,70,1,3,1.2,0,1,70,1,899,6,9.7,660,Satisfactory
3,1.2,0,1,70,1,3,1.2,0,1,70,1,899,6,9.7,660,Satisfactory
3,1.2,0,1,70,1,3,1.2,0,1,70,1,899,6,9.7,660,Satisfactory
3,1.2,0,1,70,1,3,1.2,0,1,70,1,899,6,9.7,660,Satisfactory
3,1.2,0,1,70,1,3,1.2,0,1,70,1,899,6,9.7,660,Satisfactory
3,1.2,0,1,70,1,3,1.2,0,1,70,1,899,6,9.7,660,Satisfactory
3,1.2,0,1,70,1,3,1.2,0,1,70,1,899,6,9.8,400,Satisfactory
3,1.2,0,1,70,1,3,1.2,0,1,70,1,899,6,9.8,400,Satisfactory
3,1.2,0,1,70,1,3,1.2,0,1,70,1,899,6,10,400,Satisfactory
3,1.2,0,1,70,1,3,1.2,0,1,70,1,899,6,10,400,Satisfactory
3,1.2,0,1,70,1,3,1.2,0,1,70,1,899,6,10,660,Satisfactory
3,1.2,0,1,70,1,3,1.2,0,1,70,1,899,6,10,660,Satisfactory
3,1.2,0,1,70,1,3,1.2,0,1,70,1,899,6,10,660,Satisfactory
3,1.2,0,1,70,1,3,1.2,0,1,70,1,899,6,10,660,Satisfactory
3,1.2,0,1,70,1,3,1.2,0,1,70,1,899,6,10.1,400,Satisfactory
3,1.2,0,1,70,1,3,1.2,0,1,70,1,899,6,10.3,400,Satisfactory
3,1.2,0,1,70,1,3,1.2,0,1,70,1,899,6,10.3,400,Satisfactory
3,1.2,0,1,70,1,3,1.2,0,1,70,1,899,6,10.3,400,Satisfactory
3,1.2,0,1,70,1,3,1.2,0,1,70,1,899,6,10.3,660,Undersized
3,1.2,0,1,70,1,3,1.2,0,1,70,1,899,6,10.3,660,Satisfactory
3,1.2,0,1,70,1,3,1.2,0,1,70,1,899,6,10.3,660,Satisfactory
3,1.2,0,1,70,1,3,1.2,0,1,70,1,899,6,10.4,400,Satisfactory
3,1.2,0,1,70,1,3,1.2,0,1,70,1,899,6,10.4,400,Satisfactory
3,1.2,0,1,70,1,3,1.2,0,1,70,1,899,6,10.4,400,Satisfactory
3,1.2,0,1,70,1,3,1.2,0,1,70,1,899,6,10.4,400,Satisfactory
3,1.2,0,1,70,1,3,1.2,0,1,70,1,899,6,10.6,400,Satisfactory
3,1.2,0,1,70,1,3,1.2,0,1,70,1,899,6,10.6,400,Satisfactory
3,1.2,0,1,70,1,3,1.2,0,1,70,1,899,6,10.6,400,Satisfactory
3,1.2,0,1,70,1,3,1.2,0,1,70,1,899,6,10.7,400,Discrepant
3,1.2,0,1,70,1,3,1.2,0,1,70,1,899,6,10.7,400,Satisfactory
3,1.2,0,1,70,1,3,1.2,0,1,70,1,899,6,10.7,400,Satisfactory
3,1.2,0,1,70,1,3,1.2,0,1,70,1,1024,6,8,400,Undersized
3,1.2,0,1,70,1,3,1.2,0,1,70,1,1024,6,8.3,400,Discrepant
3,1.2,0,1,70,1,3,1.2,0,1,70,1,1024,6,8.3,400,Undersized
3,1.2,0,1,70,1,3,1.2,0,1,70,1,1024,6,8.6,400,Undersized
3,1.2,0,1,70,1,3,1.2,0,1,70,1,1024,6,8.6,400,Undersized
3,1.2,0,1,70,1,3,1.2,0,1,70,1,1024,6,8.6,400,Undersized
3,1.2,0,1,70,1,3,1.2,0,1,70,1,1024,6,8.9,400,Undersized
3,1.2,0,1,70,1,3,1.2,0,1,70,1,1024,6,8.9,400,Undersized
3,1.2,0,1,70,1,3,1.2,0,1,70,1,1024,6,8.9,400,Undersized
3,1.2,0,1,70,1,3,1.2,0,1,70,1,1024,6,9.2,400,Satisfactory
3,1.2,0,1,70,1,3,1.2,0,1,70,1,1024,6,9.2,400,Satisfactory
3,1.2,0,1,70,1,3,1.2,0,1,70,1,1024,6,9.5,400,Satisfactory
3,1.2,0,1,70,1,3,1.2,0,1,70,1,1024,6,9.5,400,Satisfactory
3,1.2,0,1,70,1,3,1.2,0,1,70,1,1024,6,9.5,400,Satisfactory
3,1.2,0,1,70,1,3,1.2,0,1,70,1,1024,6,9.8,400,Satisfactory
3,1.2,0,1,70,1,3,1.2,0,1,70,1,1024,6,9.8,400,Satisfactory
3,1.2,0,1,70,1,3,1.2,0,1,70,1,1024,6,9.8,400,Satisfactory
3,1.2,0,1,70,1,3,1.2,0,1,70,1,1024,6,10.1,400,Discrepant
3,1.2,0,1,70,1,3,1.2,0,1,70,1,1024,6,10.1,400,Satisfactory
3,1.2,0,1,70,1,3,1.2,0,1,70,1,1024,6,10.1,400,Satisfactory
3,1.2,0,1,70,1,3,1.2,0,1,70,1,1024,6,10.4,400,Satisfactory
3,1.2,0,1,70,1,3,1.2,0,1,70,1,1024,6,10.4,400,Satisfactory
3,1.2,0,1,70,1,3,1.2,0,1,70,1,1024,6,10.7,400,Satisfactory
3,1.2,0,1,70,1,3,1.2,0,1,70,1,1024,6,10.7,400,Satisfactory
3,1.2,0,1,70,1,3,1.2,0,1,70,1,1024,6,11,400,Undersized
3,1.2,0,1,70,1,3,1.2,0,1,70,1,1024,6,11,400,Undersized
3,1.2,0,1,70,1,3,1.2,0,1,70,1,1024,6,11,400,Undersized
3,1.2,0,1,70,1,3,1.2,0,1,70,1,1124,6,8.7,500,Undersized
3,1.2,0,1,70,1,3,1.2,0,1,70,1,1124,6,8.7,500,Satisfactory
3,1.2,0,1,70,1,3,1.2,0,1,70,1,1124,6,9,500,Satisfactory
3,1.2,0,1,70,1,3,1.2,0,1,70,1,1124,6,9,500,Satisfactory
3,1.2,0,1,70,1,3,1.2,0,1,70,1,1124,6,9.3,500,Satisfactory
3,1.2,0,1,70,1,3,1.2,0,1,70,1,1124,6,9.3,500,Satisfactory
3,1.2,0,1,70,1,3,1.2,0,1,70,1,1124,6,9.6,500,Satisfactory
3,1.2,0,1,70,1,3,1.2,0,1,70,1,1124,6,9.6,500,Satisfactory
3,1.2,0,1,70,1,3,1.2,0,1,70,1,1124,6,9.9,500,Undersized
3,1.2,0,1,70,1,3,1.2,0,1,70,1,1124,6,9.9,500,Satisfactory
3,1.2,0,1,70,1,3,1.2,0,1,70,1,1124,6,9.9,500,Satisfactory
3,1.2,0,1,70,1,3,1.2,0,1,70,1,1124,6,10.2,500,Satisfactory
3,1.2,0,1,70,1,3,1.2,0,1,70,1,1124,6,10.2,500,Satisfactory
3,1.2,0,1,70,1,3,1.2,0,1,70,1,1124,6,10.5,500,Satisfactory
3,1.2,0,1,70,1,3,1.2,0,1,70,1,1124,6,10.5,500,Satisfactory
3,1.25,0,1,70,1,3,1.25,0,1,70,1,786,6,8,400,Undersized
3,1.25,0,1,70,1,3,1.25,0,1,70,1,786,6,8,400,Undersized
3,1.25,0,1,70,1,3,1.25,0,1,70,1,786,6,8.3,400,Satisfactory
3,1.25,0,1,70,1,3,1.25,0,1,70,1,786,6,8.3,400,Satisfactory
3,1.25,0,1,70,1,3,1.25,0,1,70,1,786,6,8.3,400,Satisfactory
3,1.25,0,1,70,1,3,1.25,0,1,70,1,786,6,8.6,400,Satisfactory
3,1.25,0,1,70,1,3,1.25,0,1,70,1,786,6,8.6,400,Satisfactory
3,1.25,0,1,70,1,3,1.25,0,1,70,1,786,6,8.6,400,Satisfactory
3,1.25,0,1,70,1,3,1.25,0,1,70,1,786,6,8.9,400,Satisfactory
3,1.25,0,1,70,1,3,1.25,0,1,70,1,786,6,8.9,400,Satisfactory
3,1.25,0,1,70,1,3,1.25,0,1,70,1,786,6,9.2,400,Satisfactory
3,1.25,0,1,70,1,3,1.25,0,1,70,1,786,6,9.2,400,Satisfactory
3,1.25,0,1,70,1,3,1.25,0,1,70,1,786,6,9.5,400,Satisfactory
3,1.25,0,1,70,1,3,1.25,0,1,70,1,786,6,9.5,400,Satisfactory
3,1.25,0,1,70,1,3,1.25,0,1,70,1,786,6,9.5,400,Satisfactory
3,1.25,0,1,70,1,3,1.25,0,1,70,1,786,6,9.8,400,Satisfactory
3,1.25,0,1,70,1,3,1.25,0,1,70,1,786,6,9.8,400,Satisfactory
3,1.25,0,1,70,1,3,1.25,0,1,70,1,786,6,10.1,400,Undersized
3,1.25,0,1,70,1,3,1.25,0,1,70,1,786,6,10.1,400,Satisfactory
3,1.25,0,1,70,1,3,1.25,0,1,70,1,786,6,10.1,400,Satisfactory
3,1.25,0,1,70,1,3,1.25,0,1,70,1,787,6,7.8,400,Undersized
3,1.25,0,1,70,1,3,1.25,0,1,70,1,787,6,7.8,400,Satisfactory
3,1.25,0,1,70,1,3,1.25,0,1,70,1,787,6,7.8,400,Satisfactory
3,1.25,0,1,70,1,3,1.25,0,1,70,1,787,6,8.1,400,Satisfactory
3,1.25,0,1,70,1,3,1.25,0,1,70,1,787,6,8.1,400,Satisfactory
3,1.25,0,1,70,1,3,1.25,0,1,70,1,787,6,8.1,400,Satisfactory
3,1.25,0,1,70,1,3,1.25,0,1,70,1,787,6,8.4,400,Undersized
3,1.25,0,1,70,1,3,1.25,0,1,70,1,787,6,8.4,400,Satisfactory
3,1.25,0,1,70,1,3,1.25,0,1,70,1,787,6,8.4,400,Satisfactory
3,1.25,0,1,70,1,3,1.25,0,1,70,1,787,6,8.7,400,Satisfactory
3,1.25,0,1,70,1,3,1.25,0,1,70,1,787,6,8.7,400,Satisfactory
3,1.25,0,1,70,1,3,1.25,0,1,70,1,787,6,8.7,400,Satisfactory
3,1.25,0,1,70,1,3,1.25,0,1,70,1,787,6,9,400,Undersized
3,1.25,0,1,70,1,3,1.25,0,1,70,1,787,6,9,400,Satisfactory
3,1.25,0,1,70,1,3,1.25,0,1,70,1,787,6,9,400,Satisfactory
3,1.25,0,1,70,1,3,1.25,0,1,70,1,787,6,9.3,400,Satisfactory
3,1.25,0,1,70,1,3,1.25,0,1,70,1,787,6,9.3,400,Satisfactory
3,1.25,0,1,70,1,3,1.25,0,1,70,1,787,6,9.3,400,Satisfactory
3,1.25,0,1,70,1,3,1.25,0,1,70,1,787,6,9.6,400,Undersized
3,1.25,0,1,70,1,3,1.25,0,1,70,1,787,6,9.6,400,Satisfactory
3,1.25,0,1,70,1,3,1.25,0,1,70,1,787,6,9.6,400,Satisfactory
3,1.2,0,1,70,1,3,1.2,0,1,70,1,966,6,7.36,800,Undersized
3,1.2,0,1,70,1,3,1.2,0,1,70,1,966,6,7.61,800,Undersized
3,1.2,0,1,70,1,3,1.2,0,1,70,1,966,6,7.94,800,Undersized
3,1.2,0,1,70,1,3,1.2,0,1,70,1,966,6,8.2,800,Satisfactory
3,1.2,0,1,70,1,3,1.2,0,1,70,1,966,6,8.52,800,Undersized
2,1.2,0,0,0,3,2,2,0,0,0,3,910,4.5,4.6,200.04,Discrepant
2,1.2,0,0,0,3,2,2,0,0,0,3,910,4.5,4.6,200.04,Discrepant
2,1.2,0,0,0,3,2,2,0,0,0,3,910,4.5,4.8,200.04,Discrepant
2,1.2,0,0,0,3,2,2,0,0,0,3,910,4.5,4.8,200.04,Discrepant
2,1.2,0,0,0,3,2,2,0,0,0,3,910,4.5,4.8,200.04,Discrepant
2,1.2,0,0,0,3,2,2,0,0,0,3,910,4.5,4.9,200.04,Discrepant
2,1.2,0,0,0,3,2,2,0,0,0,3,910,4.5,5.2,200.04,Discrepant
2,1.2,0,0,0,3,2,2,0,0,0,3,910,4.5,5.3,200.04,Discrepant
2,1.2,0,0,0,3,2,2,0,0,0,3,910,4.5,5.3,200.04,Discrepant
2,1.2,0,0,0,3,2,2,0,0,0,3,910,4.5,5.3,200.04,Discrepant
2,1.2,0,0,0,3,2,2,0,0,0,3,910,4.5,5.3,200.04,Discrepant
2,1.2,0,0,0,3,2,2,0,0,0,3,910,4.5,5.6,200.04,Discrepant
2,1.2,0,0,0,3,2,2,0,0,0,3,910,4.5,5.6,200.04,Undersized
2,1.2,0,0,0,3,2,2,0,0,0,3,910,4.5,5.8,200.04,Discrepant
2,1.2,0,0,0,3,2,2,0,0,0,3,910,4.5,5.8,200.04,Discrepant
2,1.2,0,0,0,3,2,2,0,0,0,3,910,4.5,5.8,200.04,Undersized
2,1.2,0,0,0,3,2,2,0,0,0,3,910,4.5,5.8,200.04,Undersized
2,1.2,0,0,0,3,2,2,0,0,0,3,910,4.5,6.1,200.04,Discrepant
2,1.2,0,0,0,3,2,2,0,0,0,3,910,4.5,6.1,200.04,Undersized
2,1.2,0,0,0,3,2,2,0,0,0,3,910,4.5,6.1,250.05,Discrepant
2,1.2,0,0,0,3,2,2,0,0,0,3,910,4.5,6.1,250.05,Undersized
2,1.2,0,0,0,3,2,2,0,0,0,3,910,4.5,6.1,300.06,Discrepant
2,1.2,0,0,0,3,2,2,0,0,0,3,910,4.5,6.1,300.06,Undersized
2,1.2,0,0,0,3,2,2,0,0,0,3,910,4.5,6.2,200.04,Discrepant
2,1.2,0,0,0,3,2,2,0,0,0,3,910,4.5,6.2,200.04,Undersized
2,1.2,0,0,0,3,2,2,0,0,0,3,910,4.5,6.2,200.04,Undersized
2,1.2,0,0,0,3,2,2,0,0,0,3,910,4.5,6.2,250.05,Undersized
2,1.2,0,0,0,3,2,2,0,0,0,3,910,4.5,6.2,300.06,Discrepant
2,1.2,0,0,0,3,2,2,0,0,0,3,910,4.5,6.2,300.06,Undersized
2,1.2,0,0,0,3,2,2,0,0,0,3,910,4.5,6.3,200.04,Undersized
2,1.2,0,0,0,3,2,2,0,0,0,3,910,4.5,6.3,250.05,Discrepant
2,1.2,0,0,0,3,2,2,0,0,0,3,910,4.5,6.3,250.05,Undersized
2,1.2,0,0,0,3,2,2,0,0,0,3,910,4.5,6.3,300.06,Discrepant
2,1.2,0,0,0,3,2,2,0,0,0,3,910,4.5,6.3,300.06,Satisfactory
2,1.2,0,0,0,3,2,2,0,0,0,3,910,4.5,6.4,250.05,Discrepant
2,1.2,0,0,0,3,2,2,0,0,0,3,910,4.5,6.4,250.05,Undersized
2,1.2,0,0,0,3,2,2,0,0,0,3,910,4.5,6.4,250.05,Satisfactory
2,1.2,0,0,0,3,2,2,0,0,0,3,910,4.5,6.4,300.06,Discrepant
2,1.2,0,0,0,3,2,2,0,0,0,3,910,4.5,6.4,300.06,Undersized
2,1.2,0,0,0,3,2,2,0,0,0,3,910,4.5,6.4,300.06,Satisfactory
2,1.2,0,0,0,3,2,2,0,0,0,3,910,4.5,6.5,200.04,Discrepant
2,1.2,0,0,0,3,2,2,0,0,0,3,910,4.5,6.5,200.04,Undersized
2,1.2,0,0,0,3,2,2,0,0,0,3,910,4.5,6.5,250.05,Discrepant
2,1.2,0,0,0,3,2,2,0,0,0,3,910,4.5,6.5,250.05,Undersized
2,1.2,0,0,0,3,2,2,0,0,0,3,910,4.5,6.5,250.05,Satisfactory
2,1.2,0,0,0,3,2,2,0,0,0,3,910,4.5,6.5,300.06,Discrepant
2,1.2,0,0,0,3,2,2,0,0,0,3,910,4.5,6.5,300.06,Satisfactory
2,1.2,0,0,0,3,2,2,0,0,0,3,910,4.5,6.5,300.06,Satisfactory
2,1.2,0,0,0,3,2,2,0,0,0,3,910,4.5,6.6,200.04,Undersized
2,1.2,0,0,0,3,2,2,0,0,0,3,910,4.5,6.6,250.05,Discrepant
2,1.2,0,0,0,3,2,2,0,0,0,3,910,4.5,6.6,250.05,Satisfactory
2,1.2,0,0,0,3,2,2,0,0,0,3,910,4.5,6.6,250.05,Satisfactory
2,1.2,0,0,0,3,2,2,0,0,0,3,910,4.5,6.6,300.06,Discrepant
2,1.2,0,0,0,3,2,2,0,0,0,3,910,4.5,6.6,300.06,Satisfactory
2,1.2,0,0,0,3,2,2,0,0,0,3,910,4.5,6.7,200.04,Discrepant
2,1.2,0,0,0,3,2,2,0,0,0,3,910,4.5,6.7,200.04,Satisfactory
2,1.2,0,0,0,3,2,2,0,0,0,3,910,4.5,6.7,250.05,Discrepant
2,1.2,0,0,0,3,2,2,0,0,0,3,910,4.5,6.7,250.05,Satisfactory
2,1.2,0,0,0,3,2,2,0,0,0,3,910,4.5,6.7,300.06,Discrepant
2,1.2,0,0,0,3,2,2,0,0,0,3,910,4.5,6.8,200.04,Discrepant
2,1.2,0,0,0,3,2,2,0,0,0,3,910,4.5,6.8,200.04,Undersized
2,1.2,0,0,0,3,2,2,0,0,0,3,910,4.5,6.8,200.04,Satisfactory
2,1.2,0,0,0,3,2,2,0,0,0,3,910,4.5,6.8,200.04,Satisfactory
2,1.2,0,0,0,3,2,2,0,0,0,3,910,4.5,6.8,250.05,Discrepant
2,1.2,0,0,0,3,2,2,0,0,0,3,910,4.5,6.8,300.06,Discrepant
2,1.2,0,0,0,3,2,2,0,0,0,3,910,4.5,6.8,300.06,Satisfactory
2,1.2,0,0,0,3,2,2,0,0,0,3,910,4.5,6.9,200.04,Discrepant
2,1.2,0,0,0,3,2,2,0,0,0,3,910,4.5,6.9,200.04,Undersized
2,1.2,0,0,0,3,2,2,0,0,0,3,910,4.5,6.9,200.04,Satisfactory
2,1.2,0,0,0,3,2,2,0,0,0,3,910,4.5,6.9,200.04,Satisfactory
2,1.2,0,0,0,3,2,2,0,0,0,3,910,4.5,6.9,200.04,Satisfactory
2,1.2,0,0,0,3,2,2,0,0,0,3,910,4.5,6.9,200.04,Satisfactory
2,1.2,0,0,0,3,2,2,0,0,0,3,910,4.5,6.9,250.05,Discrepant
2,1.2,0,0,0,3,2,2,0,0,0,3,910,4.5,6.9,250.05,Satisfactory
2,1.2,0,0,0,3,2,2,0,0,0,3,910,4.5,6.9,300.06,Discrepant
2,1.2,0,0,0,3,2,2,0,0,0,3,910,4.5,6.9,300.06,Satisfactory
2,1.2,0,0,0,3,2,2,0,0,0,3,910,4.5,7,200.04,Discrepant
2,1.2,0,0,0,3,2,2,0,0,0,3,910,4.5,7,200.04,Satisfactory
2,1.2,0,0,0,3,2,2,0,0,0,3,910,4.5,7,250.05,Discrepant
2,1.2,0,0,0,3,2,2,0,0,0,3,910,4.5,7,300.06,Discrepant
2,1.2,0,0,0,3,2,2,0,0,0,3,910,4.5,7.1,200.04,Discrepant
2,1.2,0,0,0,3,2,2,0,0,0,3,910,4.5,7.1,200.04,Satisfactory
2,1.2,0,0,0,3,2,2,0,0,0,3,910,4.5,7.1,250.05,Discrepant
2,1.2,0,0,0,3,2,2,0,0,0,3,910,4.5,7.1,250.05,Satisfactory
2,1.2,0,0,0,3,2,2,0,0,0,3,910,4.5,7.1,250.05,Satisfactory
2,1.2,0,0,0,3,2,2,0,0,0,3,910,4.5,7.1,250.05,Satisfactory
2,1.2,0,0,0,3,2,2,0,0,0,3,910,4.5,7.1,250.05,Satisfactory
2,1.2,0,0,0,3,2,2,0,0,0,3,910,4.5,7.1,250.05,Satisfactory
2,1.2,0,0,0,3,2,2,0,0,0,3,910,4.5,7.1,250.05,Satisfactory
2,1.2,0,0,0,3,2,2,0,0,0,3,910,4.5,7.1,300.06,Discrepant
2,1.2,0,0,0,3,2,2,0,0,0,3,910,4.5,7.2,200.04,Discrepant
2,1.2,0,0,0,3,2,2,0,0,0,3,910,4.5,7.2,250.05,Discrepant
2,1.2,0,0,0,3,2,2,0,0,0,3,910,4.5,7.2,250.05,Satisfactory
2,1.2,0,0,0,3,2,2,0,0,0,3,910,4.5,7.2,300.06,Discrepant
2,1.2,0,0,0,3,2,2,0,0,0,3,910,4.5,7.2,300.06,Satisfactory
2,1.2,0,0,0,3,2,2,0,0,0,3,910,4.5,7.3,200.04,Discrepant
2,1.2,0,0,0,3,2,2,0,0,0,3,910,4.5,7.3,200.04,Satisfactory
2,1.2,0,0,0,3,2,2,0,0,0,3,910,4.5,7.3,250.05,Discrepant
2,1.2,0,0,0,3,2,2,0,0,0,3,910,4.5,7.3,300.06,Discrepant
2,1.2,0,0,0,3,2,2,0,0,0,3,910,4.5,7.3,300.06,Satisfactory
2,1.2,0,0,0,3,2,2,0,0,0,3,910,4.5,7.4,200.04,Discrepant
2,1.2,0,0,0,3,2,2,0,0,0,3,910,4.5,7.4,250.05,Discrepant
2,1.2,0,0,0,3,2,2,0,0,0,3,910,4.5,7.4,250.05,Satisfactory
2,1.2,0,0,0,3,2,2,0,0,0,3,910,4.5,7.4,250.05,Satisfactory
2,1.2,0,0,0,3,2,2,0,0,0,3,910,4.5,7.4,250.05,Satisfactory
2,1.2,0,0,0,3,2,2,0,0,0,3,910,4.5,7.4,250.05,Satisfactory
2,1.2,0,0,0,3,2,2,0,0,0,3,910,4.5,7.4,250.05,Satisfactory
2,1.2,0,0,0,3,2,2,0,0,0,3,910,4.5,7.4,250.05,Satisfactory
2,1.2,0,0,0,3,2,2,0,0,0,3,910,4.5,7.4,250.05,Satisfactory
2,1.2,0,0,0,3,2,2,0,0,0,3,910,4.5,7.4,300.06,Discrepant
2,1.2,0,0,0,3,2,2,0,0,0,3,910,4.5,7.5,200.04,Discrepant
2,1.2,0,0,0,3,2,2,0,0,0,3,910,4.5,7.5,200.04,Satisfactory
2,1.2,0,0,0,3,2,2,0,0,0,3,910,4.5,7.5,300.06,Discrepant
2,1.2,0,0,0,3,2,2,0,0,0,3,910,4.5,7.5,300.06,Satisfactory
2,1.2,0,0,0,3,2,2,0,0,0,3,910,4.5,7.6,200.04,Discrepant
2,1.2,0,0,0,3,2,2,0,0,0,3,910,4.5,7.6,250.05,Discrepant
2,1.2,0,0,0,3,2,2,0,0,0,3,910,4.5,7.6,250.05,Satisfactory
2,1.2,0,0,0,3,2,2,0,0,0,3,910,4.5,7.6,300.06,Discrepant
2,1.2,0,0,0,3,2,2,0,0,0,3,910,4.5,7.7,200.04,Discrepant
2,1.2,0,0,0,3,2,2,0,0,0,3,910,4.5,7.7,200.04,Satisfactory
2,1.2,0,0,0,3,2,2,0,0,0,3,910,4.5,7.7,250.05,Discrepant
2,1.2,0,0,0,3,2,2,0,0,0,3,910,4.5,7.7,300.06,Discrepant
2,1.2,0,0,0,3,2,2,0,0,0,3,910,4.5,7.7,300.06,Satisfactory
2,1.2,0,0,0,3,2,2,0,0,0,3,910,4.5,7.8,200.04,Discrepant
2,1.2,0,0,0,3,2,2,0,0,0,3,910,4.5,7.8,250.05,Discrepant
2,1.2,0,0,0,3,2,2,0,0,0,3,910,4.5,7.8,250.05,Satisfactory
2,1.2,0,0,0,3,2,2,0,0,0,3,910,4.5,7.8,300.06,Discrepant
2,1.2,0,0,0,3,2,2,0,0,0,3,910,4.5,7.9,200.04,Discrepant
2,1.2,0,0,0,3,2,2,0,0,0,3,910,4.5,7.9,200.04,Satisfactory
2,1.2,0,0,0,3,2,2,0,0,0,3,910,4.5,7.9,250.05,Discrepant
2,1.2,0,0,0,3,2,2,0,0,0,3,910,4.5,7.9,300.06,Discrepant
2,1.2,0,0,0,3,2,2,0,0,0,3,910,4.5,7.9,300.06,Satisfactory
2,1.2,0,0,0,3,2,2,0,0,0,3,910,4.5,8,200.04,Discrepant
2,1.2,0,0,0,3,2,2,0,0,0,3,910,4.5,8,250.05,Discrepant
2,1.2,0,0,0,3,2,2,0,0,0,3,910,4.5,8,250.05,Satisfactory
2,1.2,0,0,0,3,2,2,0,0,0,3,910,4.5,8,300.06,Discrepant
2,1.2,0,0,0,3,2,2,0,0,0,3,910,4.5,8.1,200.04,Discrepant
2,1.2,0,0,0,3,2,2,0,0,0,3,910,4.5,8.1,200.04,Satisfactory
2,1.2,0,0,0,3,2,2,0,0,0,3,910,4.5,8.1,250.05,Discrepant
2,1.2,0,0,0,3,2,2,0,0,0,3,910,4.5,8.1,250.05,Satisfactory
2,1.2,0,0,0,3,2,2,0,0,0,3,910,4.5,8.1,300.06,Discrepant
2,1.2,0,0,0,3,2,2,0,0,0,3,910,4.5,8.1,300.06,Satisfactory
2,1.2,0,0,0,3,2,2,0,0,0,3,910,4.5,8.1,300.06,Satisfactory
2,1.2,0,0,0,3,2,2,0,0,0,3,910,4.5,8.2,250.05,Discrepant
2,1.2,0,0,0,3,2,2,0,0,0,3,910,4.5,8.2,250.05,Satisfactory
2,1.2,0,0,0,3,2,2,0,0,0,3,910,4.5,8.2,300.06,Discrepant
2,1.2,0,0,0,3,2,2,0,0,0,3,910,4.5,8.2,300.06,Satisfactory
2,1.2,0,0,0,3,2,2,0,0,0,3,910,4.5,8.3,200.04,Discrepant
2,1.2,0,0,0,3,2,2,0,0,0,3,910,4.5,8.3,200.04,Satisfactory
2,1.2,0,0,0,3,2,2,0,0,0,3,910,4.5,8.3,250.05,Discrepant
2,1.2,0,0,0,3,2,2,0,0,0,3,910,4.5,8.3,250.05,Satisfactory
2,1.2,0,0,0,3,2,2,0,0,0,3,910,4.5,8.3,300.06,Discrepant
2,1.2,0,0,0,3,2,2,0,0,0,3,910,4.5,8.3,300.06,Satisfactory
2,1.2,0,0,0,3,2,2,0,0,0,3,910,4.5,8.4,200.04,Discrepant
2,1.2,0,0,0,3,2,2,0,0,0,3,910,4.5,8.4,200.04,Undersized
2,1.2,0,0,0,3,2,2,0,0,0,3,910,4.5,8.4,200.04,Undersized
2,1.2,0,0,0,3,2,2,0,0,0,3,910,4.5,8.4,250.05,Discrepant
2,1.2,0,0,0,3,2,2,0,0,0,3,910,4.5,8.4,250.05,Satisfactory
2,1.2,0,0,0,3,2,2,0,0,0,3,910,4.5,8.4,300.06,Discrepant
2,1.2,0,0,0,3,2,2,0,0,0,3,910,4.5,8.4,300.06,Satisfactory
2,1.2,0,0,0,3,2,2,0,0,0,3,910,4.5,8.4,300.06,Satisfactory
2,1.2,0,0,0,3,2,2,0,0,0,3,910,4.5,8.5,200.04,Discrepant
2,1.2,0,0,0,3,2,2,0,0,0,3,910,4.5,8.5,250.05,Discrepant
2,1.2,0,0,0,3,2,2,0,0,0,3,910,4.5,8.5,250.05,Satisfactory
2,1.2,0,0,0,3,2,2,0,0,0,3,910,4.5,8.5,300.06,Discrepant
2,1.2,0,0,0,3,2,2,0,0,0,3,910,4.5,8.5,300.06,Satisfactory
2,1.2,0,0,0,3,2,2,0,0,0,3,910,4.5,8.6,250.05,Discrepant
2,1.2,0,0,0,3,2,2,0,0,0,3,910,4.5,8.6,250.05,Satisfactory
2,1.2,0,0,0,3,2,2,0,0,0,3,910,4.5,8.6,300.06,Discrepant
2,1.2,0,0,0,3,2,2,0,0,0,3,910,4.5,8.6,300.06,Satisfactory
2,1.2,0,0,0,3,2,2,0,0,0,3,910,4.5,8.7,300.06,Discrepant
2,1.2,0,0,0,3,2,2,0,0,0,3,910,4.5,8.8,300.06,Discrepant
2,1.2,0,0,0,3,2,2,0,0,0,3,910,4.5,8.8,300.06,Satisfactory
2,1.2,0,0,0,3,2,1.2,0,0,0,3,910,4.4,4.2,250.05,Discrepant
2,1.2,0,0,0,3,2,1.2,0,0,0,3,910,4.4,4.5,200.04,Discrepant
2,1.2,0,0,0,3,2,1.2,0,0,0,3,910,4.4,4.5,250.05,Discrepant
2,1.2,0,0,0,3,2,1.2,0,0,0,3,910,4.4,4.5,300.06,Discrepant
2,1.2,0,0,0,3,2,1.2,0,0,0,3,910,4.4,4.6,200.04,Discrepant
2,1.2,0,0,0,3,2,1.2,0,0,0,3,910,4.4,4.6,250.05,Undersized
2,1.2,0,0,0,3,2,1.2,0,0,0,3,910,4.4,4.6,300.06,Discrepant
2,1.2,0,0,0,3,2,1.2,0,0,0,3,910,4.4,4.7,250.05,Discrepant
2,1.2,0,0,0,3,2,1.2,0,0,0,3,910,4.4,4.7,300.06,Discrepant
2,1.2,0,0,0,3,2,1.2,0,0,0,3,910,4.4,4.8,200.04,Discrepant
2,1.2,0,0,0,3,2,1.2,0,0,0,3,910,4.4,4.9,300.06,Discrepant
2,1.2,0,0,0,3,2,1.2,0,0,0,3,910,4.4,4.9,300.06,Discrepant
2,1.2,0,0,0,3,2,1.2,0,0,0,3,910,4.4,5,200.04,Undersized
2,1.2,0,0,0,3,2,1.2,0,0,0,3,910,4.4,5.1,250.05,Undersized
2,1.2,0,0,0,3,2,1.2,0,0,0,3,910,4.4,5.2,300.06,Undersized
2,1.2,0,0,0,3,2,1.2,0,0,0,3,910,4.4,5.3,200.04,Undersized
2,1.2,0,0,0,3,2,1.2,0,0,0,3,910,4.4,5.4,250.05,Undersized
2,1.2,0,0,0,3,2,1.2,0,0,0,3,910,4.4,5.4,300.06,Undersized
2,1.2,0,0,0,3,2,1.2,0,0,0,3,910,4.4,5.4,300.06,Undersized
2,1.2,0,0,0,3,2,1.2,0,0,0,3,910,4.4,5.5,250.05,Undersized
2,1.2,0,0,0,3,2,1.2,0,0,0,3,910,4.4,5.6,200.04,Undersized
2,1.2,0,0,0,3,2,1.2,0,0,0,3,910,4.4,5.6,300.06,Undersized
2,1.2,0,0,0,3,2,1.2,0,0,0,3,910,4.4,5.7,250.05,Undersized
2,1.2,0,0,0,3,2,1.2,0,0,0,3,910,4.4,5.7,300.06,Undersized
2,1.2,0,0,0,3,2,1.2,0,0,0,3,910,4.4,5.7,300.06,Undersized
2,1.2,0,0,0,3,2,1.2,0,0,0,3,910,4.4,5.8,250.05,Undersized
2,1.2,0,0,0,3,2,1.2,0,0,0,3,910,4.4,5.8,250.05,Undersized
2,1.2,0,0,0,3,2,1.2,0,0,0,3,910,4.4,5.8,300.06,Undersized
2,1.2,0,0,0,3,2,1.2,0,0,0,3,910,4.4,5.8,300.06,Satisfactory
2,1.2,0,0,0,3,2,1.2,0,0,0,3,910,4.4,5.9,250.05,Undersized
2,1.2,0,0,0,3,2,1.2,0,0,0,3,910,4.4,6,200.04,Satisfactory
2,1.2,0,0,0,3,2,1.2,0,0,0,3,910,4.4,6,250.05,Undersized
2,1.2,0,0,0,3,2,1.2,0,0,0,3,910,4.4,6,250.05,Satisfactory
2,1.2,0,0,0,3,2,1.2,0,0,0,3,910,4.4,6,300.06,Satisfactory
2,1.2,0,0,0,3,2,1.2,0,0,0,3,910,4.4,6.1,200.04,Undersized
2,1.2,0,0,0,3,2,1.2,0,0,0,3,910,4.4,6.1,200.04,Satisfactory
2,1.2,0,0,0,3,2,1.2,0,0,0,3,910,4.4,6.1,250.05,Undersized
2,1.2,0,0,0,3,2,1.2,0,0,0,3,910,4.4,6.1,300.06,Undersized
2,1.2,0,0,0,3,2,1.2,0,0,0,3,910,4.4,6.2,200.04,Undersized
2,1.2,0,0,0,3,2,1.2,0,0,0,3,910,4.4,6.2,300.06,Satisfactory
2,1.2,0,0,0,3,2,1.2,0,0,0,3,910,4.4,6.3,200.04,Discrepant
2,1.2,0,0,0,3,2,1.2,0,0,0,3,910,4.4,6.3,250.05,Undersized
2,1.2,0,0,0,3,2,1.2,0,0,0,3,910,4.4,6.3,300.06,Satisfactory
2,1.2,0,0,0,3,2,1.2,0,0,0,3,910,4.4,6.4,200.04,Undersized
2,1.2,0,0,0,3,2,1.2,0,0,0,3,910,4.4,6.4,250.05,Undersized
2,1.2,0,0,0,3,2,1.2,0,0,0,3,910,4.4,6.4,250.05,Satisfactory
2,1.2,0,0,0,3,2,1.2,0,0,0,3,910,4.4,6.4,300.06,Undersized
2,1.2,0,0,0,3,2,1.2,0,0,0,3,910,4.4,6.5,200.04,Undersized
2,1.2,0,0,0,3,2,1.2,0,0,0,3,910,4.4,6.5,300.06,Satisfactory
2,1.2,0,0,0,3,2,1.2,0,0,0,3,910,4.4,6.5,300.06,Satisfactory
2,1.2,0,0,0,3,2,1.2,0,0,0,3,910,4.4,6.6,200.04,Undersized
2,1.2,0,0,0,3,2,1.2,0,0,0,3,910,4.4,6.6,250.05,Satisfactory
2,1.2,0,0,0,3,2,1.2,0,0,0,3,910,4.4,6.6,250.05,Satisfactory
2,1.2,0,0,0,3,2,1.2,0,0,0,3,910,4.4,6.6,300.06,Satisfactory
2,1.2,0,0,0,3,2,1.2,0,0,0,3,910,4.4,6.7,200.04,Satisfactory
2,1.2,0,0,0,3,2,1.2,0,0,0,3,910,4.4,6.7,250.05,Satisfactory
2,1.2,0,0,0,3,2,1.2,0,0,0,3,910,4.4,6.8,200.04,Undersized
2,1.2,0,0,0,3,2,1.2,0,0,0,3,910,4.4,6.8,200.04,Satisfactory
2,1.2,0,0,0,3,2,1.2,0,0,0,3,910,4.4,6.8,200.04,Satisfactory
2,1.2,0,0,0,3,2,1.2,0,0,0,3,910,4.4,6.8,300.06,Satisfactory
2,1.2,0,0,0,3,2,1.2,0,0,0,3,910,4.4,6.9,200.04,Satisfactory
2,1.2,0,0,0,3,2,1.2,0,0,0,3,910,4.4,6.9,200.04,Satisfactory
2,1.2,0,0,0,3,2,1.2,0,0,0,3,910,4.4,6.9,200.04,Satisfactory
2,1.2,0,0,0,3,2,1.2,0,0,0,3,910,4.4,6.9,200.04,Satisfactory
2,1.2,0,0,0,3,2,1.2,0,0,0,3,910,4.4,6.9,250.05,Satisfactory
2,1.2,0,0,0,3,2,1.2,0,0,0,3,910,4.4,6.9,300.06,Satisfactory
2,1.2,0,0,0,3,2,1.2,0,0,0,3,910,4.4,7,200.04,Satisfactory
2,1.2,0,0,0,3,2,1.2,0,0,0,3,910,4.4,7.1,200.04,Satisfactory
2,1.2,0,0,0,3,2,1.2,0,0,0,3,910,4.4,7.1,250.05,Satisfactory
2,1.2,0,0,0,3,2,1.2,0,0,0,3,910,4.4,7.2,250.05,Satisfactory
2,1.2,0,0,0,3,2,1.2,0,0,0,3,910,4.4,7.2,300.06,Satisfactory
2,1.2,0,0,0,3,2,1.2,0,0,0,3,910,4.4,7.3,200.04,Satisfactory
2,1.2,0,0,0,3,2,1.2,0,0,0,3,910,4.4,7.3,300.06,Satisfactory
2,1.2,0,0,0,3,2,1.2,0,0,0,3,910,4.4,7.4,250.05,Satisfactory
2,1.2,0,0,0,3,2,1.2,0,0,0,3,910,4.4,7.5,200.04,Satisfactory
2,1.2,0,0,0,3,2,1.2,0,0,0,3,910,4.4,7.5,300.06,Satisfactory
2,1.2,0,0,0,3,2,1.2,0,0,0,3,910,4.4,7.6,250.05,Satisfactory
2,1.2,0,0,0,3,2,1.2,0,0,0,3,910,4.4,7.7,200.04,Satisfactory
2,1.2,0,0,0,3,2,1.2,0,0,0,3,910,4.4,7.7,300.06,Satisfactory
2,1.2,0,0,0,3,2,1.2,0,0,0,3,910,4.4,7.8,250.05,Satisfactory
2,1.2,0,0,0,3,2,1.2,0,0,0,3,910,4.4,7.9,200.04,Satisfactory
2,1.2,0,0,0,3,2,1.2,0,0,0,3,910,4.4,7.9,300.06,Satisfactory
2,1.2,0,0,0,3,2,1.2,0,0,0,3,910,4.4,8,250.05,Satisfactory
2,1.2,0,0,0,3,2,1.2,0,0,0,3,910,4.4,8.1,200.04,Satisfactory
2,1.2,0,0,0,3,2,1.2,0,0,0,3,910,4.4,8.1,250.05,Satisfactory
2,1.2,0,0,0,3,2,1.2,0,0,0,3,910,4.4,8.1,300.06,Satisfactory
2,1.2,0,0,0,3,2,1.2,0,0,0,3,910,4.4,8.1,300.06,Satisfactory
2,1.2,0,0,0,3,2,1.2,0,0,0,3,910,4.4,8.2,250.05,Satisfactory
2,1.2,0,0,0,3,2,1.2,0,0,0,3,910,4.4,8.2,300.06,Satisfactory
2,1.2,0,0,0,3,2,1.2,0,0,0,3,910,4.4,8.3,200.04,Satisfactory
2,1.2,0,0,0,3,2,1.2,0,0,0,3,910,4.4,8.3,250.05,Satisfactory
2,1.2,0,0,0,3,2,1.2,0,0,0,3,910,4.4,8.3,300.06,Satisfactory
2,1.2,0,0,0,3,2,1.2,0,0,0,3,910,4.4,8.4,200.04,Satisfactory
2,1.2,0,0,0,3,2,1.2,0,0,0,3,910,4.4,8.4,250.05,Satisfactory
2,1.2,0,0,0,3,2,1.2,0,0,0,3,910,4.4,8.4,300.06,Satisfactory
2,1.2,0,0,0,3,2,1.2,0,0,0,3,910,4.4,8.4,300.06,Satisfactory
2,1.2,0,0,0,3,2,1.2,0,0,0,3,910,4.4,8.5,250.05,Satisfactory
2,1.2,0,0,0,3,2,1.2,0,0,0,3,910,4.4,8.5,300.06,Satisfactory
2,1.2,0,0,0,3,2,1.2,0,0,0,3,910,4.4,8.6,250.05,Discrepant
2,1.2,0,0,0,3,2,1.2,0,0,0,3,910,4.4,8.6,250.05,Satisfactory
2,1.2,0,0,0,3,2,1.2,0,0,0,3,910,4.4,8.6,300.06,Satisfactory
2,1.2,0,0,0,3,2,1.2,0,0,0,3,910,4.4,8.8,300.06,Satisfactory
2,1.2,0,0,0,3,2,1.2,0,0,0,3,910,4.5,4.2,250.05,Discrepant
2,1.2,0,0,0,3,2,1.2,0,0,0,3,910,4.5,4.2,250.05,Discrepant
2,1.2,0,0,0,3,2,1.2,0,0,0,3,910,4.5,4.3,200.04,Discrepant
2,1.2,0,0,0,3,2,1.2,0,0,0,3,910,4.5,4.4,200.04,Discrepant
2,1.2,0,0,0,3,2,1.2,0,0,0,3,910,4.5,4.4,250.05,Discrepant
2,1.2,0,0,0,3,2,1.2,0,0,0,3,910,4.5,4.4,250.05,Discrepant
2,1.2,0,0,0,3,2,1.2,0,0,0,3,910,4.5,4.4,300.06,Discrepant
2,1.2,0,0,0,3,2,1.2,0,0,0,3,910,4.5,4.5,200.04,Discrepant
2,1.2,0,0,0,3,2,1.2,0,0,0,3,910,4.5,4.5,250.05,Discrepant
2,1.2,0,0,0,3,2,1.2,0,0,0,3,910,4.5,4.5,300.06,Discrepant
2,1.2,0,0,0,3,2,1.2,0,0,0,3,910,4.5,4.6,200.04,Discrepant
2,1.2,0,0,0,3,2,1.2,0,0,0,3,910,4.5,4.6,200.04,Discrepant
2,1.2,0,0,0,3,2,1.2,0,0,0,3,910,4.5,4.6,200.04,Discrepant
2,1.2,0,0,0,3,2,1.2,0,0,0,3,910,4.5,4.6,200.04,Discrepant
2,1.2,0,0,0,3,2,1.2,0,0,0,3,910,4.5,4.6,200.04,Discrepant
2,1.2,0,0,0,3,2,1.2,0,0,0,3,910,4.5,4.6,200.04,Discrepant
2,1.2,0,0,0,3,2,1.2,0,0,0,3,910,4.5,4.6,250.05,Discrepant
2,1.2,0,0,0,3,2,1.2,0,0,0,3,910,4.5,4.6,250.05,Undersized
2,1.2,0,0,0,3,2,1.2,0,0,0,3,910,4.5,4.6,300.06,Discrepant
2,1.2,0,0,0,3,2,1.2,0,0,0,3,910,4.5,4.6,300.06,Discrepant
2,1.2,0,0,0,3,2,1.2,0,0,0,3,910,4.5,4.7,200.04,Discrepant
2,1.2,0,0,0,3,2,1.2,0,0,0,3,910,4.5,4.7,200.04,Discrepant
2,1.2,0,0,0,3,2,1.2,0,0,0,3,910,4.5,4.7,250.05,Discrepant
2,1.2,0,0,0,3,2,1.2,0,0,0,3,910,4.5,4.7,250.05,Discrepant
2,1.2,0,0,0,3,2,1.2,0,0,0,3,910,4.5,4.7,250.05,Discrepant
2,1.2,0,0,0,3,2,1.2,0,0,0,3,910,4.5,4.7,250.05,Undersized
2,1.2,0,0,0,3,2,1.2,0,0,0,3,910,4.5,4.7,300.06,Discrepant
2,1.2,0,0,0,3,2,1.2,0,0,0,3,910,4.5,4.7,300.06,Discrepant
2,1.2,0,0,0,3,2,1.2,0,0,0,3,910,4.5,4.7,300.06,Discrepant
2,1.2,0,0,0,3,2,1.2,0,0,0,3,910,4.5,4.8,200.04,Discrepant
2,1.2,0,0,0,3,2,1.2,0,0,0,3,910,4.5,4.8,250.05,Discrepant
2,1.2,0,0,0,3,2,1.2,0,0,0,3,910,4.5,4.9,200.04,Discrepant
2,1.2,0,0,0,3,2,1.2,0,0,0,3,910,4.5,4.9,300.06,Discrepant
2,1.2,0,0,0,3,2,1.2,0,0,0,3,910,4.5,5,200.04,Discrepant
2,1.2,0,0,0,3,2,1.2,0,0,0,3,910,4.5,5,200.04,Undersized
2,1.2,0,0,0,3,2,1.2,0,0,0,3,910,4.5,5.1,200.04,Discrepant
2,1.2,0,0,0,3,2,1.2,0,0,0,3,910,4.5,5.1,200.04,Undersized
2,1.2,0,0,0,3,2,1.2,0,0,0,3,910,4.5,5.1,200.04,Undersized
2,1.2,0,0,0,3,2,1.2,0,0,0,3,910,4.5,5.1,250.05,Undersized
2,1.2,0,0,0,3,2,1.2,0,0,0,3,910,4.5,5.2,200.04,Discrepant
2,1.2,0,0,0,3,2,1.2,0,0,0,3,910,4.5,5.2,200.04,Discrepant
2,1.2,0,0,0,3,2,1.2,0,0,0,3,910,4.5,5.2,300.06,Discrepant
2,1.2,0,0,0,3,2,1.2,0,0,0,3,910,4.5,5.2,300.06,Undersized
2,1.2,0,0,0,3,2,1.2,0,0,0,3,910,4.5,5.3,200.04,Undersized
2,1.2,0,0,0,3,2,1.2,0,0,0,3,910,4.5,5.3,250.05,Discrepant
2,1.2,0,0,0,3,2,1.2,0,0,0,3,910,4.5,5.3,250.05,Undersized
2,1.2,0,0,0,3,2,1.2,0,0,0,3,910,4.5,5.4,250.05,Undersized
2,1.2,0,0,0,3,2,1.2,0,0,0,3,910,4.5,5.4,300.06,Undersized
2,1.2,0,0,0,3,2,1.2,0,0,0,3,910,4.5,5.5,200.04,Discrepant
2,1.2,0,0,0,3,2,1.2,0,0,0,3,910,4.5,5.5,200.04,Undersized
2,1.2,0,0,0,3,2,1.2,0,0,0,3,910,4.5,5.5,300.06,Undersized
2,1.2,0,0,0,3,2,1.2,0,0,0,3,910,4.5,5.6,200.04,Discrepant
2,1.2,0,0,0,3,2,1.2,0,0,0,3,910,4.5,5.6,200.04,Undersized
2,1.2,0,0,0,3,2,1.2,0,0,0,3,910,4.5,5.6,200.04,Undersized
2,1.2,0,0,0,3,2,1.2,0,0,0,3,910,4.5,5.6,200.04,Undersized
2,1.2,0,0,0,3,2,1.2,0,0,0,3,910,4.5,5.6,200.04,Satisfactory
2,1.2,0,0,0,3,2,1.2,0,0,0,3,910,4.5,5.6,200.04,Satisfactory
2,1.2,0,0,0,3,2,1.2,0,0,0,3,910,4.5,5.6,250.05,Discrepant
2,1.2,0,0,0,3,2,1.2,0,0,0,3,910,4.5,5.6,250.05,Discrepant
2,1.2,0,0,0,3,2,1.2,0,0,0,3,910,4.5,5.6,300.06,Discrepant
2,1.2,0,0,0,3,2,1.2,0,0,0,3,910,4.5,5.7,200.04,Discrepant
2,1.2,0,0,0,3,2,1.2,0,0,0,3,910,4.5,5.7,200.04,Undersized
2,1.2,0,0,0,3,2,1.2,0,0,0,3,910,4.5,5.7,200.04,Undersized
2,1.2,0,0,0,3,2,1.2,0,0,0,3,910,4.5,5.7,200.04,Undersized
2,1.2,0,0,0,3,2,1.2,0,0,0,3,910,4.5,5.7,250.05,Discrepant
2,1.2,0,0,0,3,2,1.2,0,0,0,3,910,4.5,5.7,250.05,Undersized
2,1.2,0,0,0,3,2,1.2,0,0,0,3,910,4.5,5.7,250.05,Undersized
2,1.2,0,0,0,3,2,1.2,0,0,0,3,910,4.5,5.7,250.05,Undersized
2,1.2,0,0,0,3,2,1.2,0,0,0,3,910,4.5,5.7,250.05,Undersized
2,1.2,0,0,0,3,2,1.2,0,0,0,3,910,4.5,5.7,250.05,Undersized
2,1.2,0,0,0,3,2,1.2,0,0,0,3,910,4.5,5.7,300.06,Discrepant
2,1.2,0,0,0,3,2,1.2,0,0,0,3,910,4.5,5.7,300.06,Undersized
2,1.2,0,0,0,3,2,1.2,0,0,0,3,910,4.5,5.7,300.06,Undersized
2,1.2,0,0,0,3,2,1.2,0,0,0,3,910,4.5,5.7,300.06,Undersized
2,1.2,0,0,0,3,2,1.2,0,0,0,3,910,4.5,5.7,300.06,Undersized
2,1.2,0,0,0,3,2,1.2,0,0,0,3,910,4.5,5.8,200.04,Undersized
2,1.2,0,0,0,3,2,1.2,0,0,0,3,910,4.5,5.8,200.04,Satisfactory
2,1.2,0,0,0,3,2,1.2,0,0,0,3,910,4.5,5.8,250.05,Discrepant
2,1.2,0,0,0,3,2,1.2,0,0,0,3,910,4.5,5.8,250.05,Undersized
2,1.2,0,0,0,3,2,1.2,0,0,0,3,910,4.5,5.8,300.06,Undersized
2,1.2,0,0,0,3,2,1.2,0,0,0,3,910,4.5,5.9,200.04,Discrepant
2,1.2,0,0,0,3,2,1.2,0,0,0,3,910,4.5,5.9,200.04,Undersized
2,1.2,0,0,0,3,2,1.2,0,0,0,3,910,4.5,5.9,200.04,Undersized
2,1.2,0,0,0,3,2,1.2,0,0,0,3,910,4.5,5.9,200.04,Satisfactory
2,1.2,0,0,0,3,2,1.2,0,0,0,3,910,4.5,5.9,200.04,Satisfactory
2,1.2,0,0,0,3,2,1.2,0,0,0,3,910,4.5,5.9,200.04,Satisfactory
2,1.2,0,0,0,3,2,1.2,0,0,0,3,910,4.5,5.9,250.05,Discrepant
2,1.2,0,0,0,3,2,1.2,0,0,0,3,910,4.5,5.9,250.05,Satisfactory
2,1.2,0,0,0,3,2,1.2,0,0,0,3,910,4.5,5.9,250.05,Satisfactory
2,1.2,0,0,0,3,2,1.2,0,0,0,3,910,4.5,5.9,250.05,Satisfactory
2,1.2,0,0,0,3,2,1.2,0,0,0,3,910,4.5,6,200.04,Discrepant
2,1.2,0,0,0,3,2,1.2,0,0,0,3,910,4.5,6,200.04,Undersized
2,1.2,0,0,0,3,2,1.2,0,0,0,3,910,4.5,6,200.04,Satisfactory
2,1.2,0,0,0,3,2,1.2,0,0,0,3,910,4.5,6,250.05,Discrepant
2,1.2,0,0,0,3,2,1.2,0,0,0,3,910,4.5,6,250.05,Satisfactory
2,1.2,0,0,0,3,2,1.2,0,0,0,3,910,4.5,6,300.06,Discrepant
2,1.2,0,0,0,3,2,1.2,0,0,0,3,910,4.5,6,300.06,Satisfactory
2,1.2,0,0,0,3,2,1.2,0,0,0,3,910,4.5,6,300.06,Satisfactory
2,1.2,0,0,0,3,2,1.2,0,0,0,3,910,4.5,6,300.06,Satisfactory
2,1.2,0,0,0,3,2,1.2,0,0,0,3,910,4.5,6,300.06,Satisfactory
2,1.2,0,0,0,3,2,1.2,0,0,0,3,910,4.5,6.1,200.04,Discrepant
2,1.2,0,0,0,3,2,1.2,0,0,0,3,910,4.5,6.1,200.04,Satisfactory
2,1.2,0,0,0,3,2,1.2,0,0,0,3,910,4.5,6.1,200.04,Satisfactory
2,1.2,0,0,0,3,2,1.2,0,0,0,3,910,4.5,6.1,250.05,Discrepant
2,1.2,0,0,0,3,2,1.2,0,0,0,3,910,4.5,6.1,300.06,Discrepant
2,1.2,0,0,0,3,2,1.2,0,0,0,3,910,4.5,6.2,200.04,Discrepant
2,1.2,0,0,0,3,2,1.2,0,0,0,3,910,4.5,6.2,300.06,Discrepant
2,1.2,0,0,0,3,2,1.2,0,0,0,3,910,4.5,6.2,300.06,Satisfactory
2,1.2,0,0,0,3,2,1.2,0,0,0,3,910,4.5,6.3,250.05,Discrepant
2,1.2,0,0,0,3,2,1.2,0,0,0,3,910,4.5,6.3,300.06,Discrepant
2,1.2,0,0,0,3,2,1.2,0,0,0,3,910,4.5,6.4,200.04,Discrepant
2,1.2,0,0,0,3,2,1.2,0,0,0,3,910,4.5,6.4,250.05,Discrepant
2,1.2,0,0,0,3,2,1.2,0,0,0,3,910,4.5,6.4,250.05,Undersized
2,1.2,0,0,0,3,2,1.2,0,0,0,3,910,4.5,6.4,250.05,Satisfactory
2,1.2,0,0,0,3,2,1.2,0,0,0,3,910,4.5,6.4,250.05,Satisfactory
2,1.2,0,0,0,3,2,1.2,0,0,0,3,910,4.5,6.4,250.05,Satisfactory
2,1.2,0,0,0,3,2,1.2,0,0,0,3,910,4.5,6.4,250.05,Satisfactory
2,1.2,0,0,0,3,2,1.2,0,0,0,3,910,4.5,6.4,250.05,Satisfactory
2,1.2,0,0,0,3,2,1.2,0,0,0,3,910,4.5,6.5,200.04,Discrepant
2,1.2,0,0,0,3,2,1.2,0,0,0,3,910,4.5,6.5,250.05,Discrepant
2,1.2,0,0,0,3,2,1.2,0,0,0,3,910,4.5,6.5,300.06,Discrepant
2,1.2,0,0,0,3,2,1.2,0,0,0,3,910,4.5,6.6,200.04,Discrepant
2,1.2,0,0,0,3,2,1.2,0,0,0,3,910,4.5,6.6,250.05,Discrepant
2,1.2,0,0,0,3,2,1.2,0,0,0,3,910,4.5,6.6,250.05,Undersized
2,1.2,0,0,0,3,2,1.2,0,0,0,3,910,4.5,6.6,250.05,Undersized
2,1.2,0,0,0,3,2,1.2,0,0,0,3,910,4.5,6.6,250.05,Satisfactory
2,1.2,0,0,0,3,2,1.2,0,0,0,3,910,4.5,6.6,250.05,Satisfactory
2,1.2,0,0,0,3,2,1.2,0,0,0,3,910,4.5,6.6,250.05,Satisfactory
2,1.2,0,0,0,3,2,1.2,0,0,0,3,910,4.5,6.6,250.05,Satisfactory
2,1.2,0,0,0,3,2,1.2,0,0,0,3,910,4.5,6.6,250.05,Satisfactory
2,1.2,0,0,0,3,2,1.2,0,0,0,3,910,4.5,6.6,250.05,Satisfactory
2,1.2,0,0,0,3,2,1.2,0,0,0,3,910,4.5,6.6,300.06,Discrepant
2,1.2,0,0,0,3,2,1.2,0,0,0,3,910,4.5,6.7,200.04,Discrepant
2,1.2,0,0,0,3,2,1.2,0,0,0,3,910,4.5,6.8,200.04,Discrepant
2,1.2,0,0,0,3,2,1.2,0,0,0,3,910,4.5,6.8,250.05,Discrepant
2,1.2,0,0,0,3,2,1.2,0,0,0,3,910,4.5,6.8,250.05,Undersized
2,1.2,0,0,0,3,2,1.2,0,0,0,3,910,4.5,6.8,250.05,Satisfactory
2,1.2,0,0,0,3,2,1.2,0,0,0,3,910,4.5,6.8,250.05,Satisfactory
2,1.2,0,0,0,3,2,1.2,0,0,0,3,910,4.5,6.8,250.05,Satisfactory
2,1.2,0,0,0,3,2,1.2,0,0,0,3,910,4.5,6.8,250.05,Satisfactory
2,1.2,0,0,0,3,2,1.2,0,0,0,3,910,4.5,6.8,250.05,Satisfactory
2,1.2,0,0,0,3,2,1.2,0,0,0,3,910,4.5,6.8,250.05,Satisfactory
2,1.2,0,0,0,3,2,1.2,0,0,0,3,910,4.5,6.8,300.06,Discrepant
2,1.2,0,0,0,3,2,1.2,0,0,0,3,910,4.5,6.9,200.04,Discrepant
2,1.2,0,0,0,3,2,1.2,0,0,0,3,910,4.5,6.9,250.05,Discrepant
2,1.2,0,0,0,3,2,1.2,0,0,0,3,910,4.5,6.9,300.06,Discrepant
2,1.2,0,0,0,3,2,1.2,0,0,0,3,910,4.5,7,200.04,Discrepant
2,1.2,0,0,0,3,2,1.2,0,0,0,3,910,4.5,7,250.05,Discrepant
2,1.2,0,0,0,3,2,1.2,0,0,0,3,910,4.5,7,300.06,Discrepant
2,1.2,0,0,0,3,2,1.2,0,0,0,3,910,4.5,7.1,200.04,Discrepant
2,1.2,0,0,0,3,2,1.2,0,0,0,3,910,4.5,7.1,250.05,Discrepant
2,1.2,0,0,0,3,2,1.2,0,0,0,3,910,4.5,7.2,250.05,Discrepant
2,1.2,0,0,0,3,2,1.2,0,0,0,3,910,4.5,7.2,300.06,Discrepant
2,1.2,0,0,0,3,2,1.2,0,0,0,3,910,4.5,7.3,200.04,Discrepant
2,1.2,0,0,0,3,2,1.2,0,0,0,3,910,4.5,7.3,300.06,Discrepant
2,1.2,0,0,0,3,2,1.2,0,0,0,3,910,4.5,7.4,200.04,Discrepant
2,1.2,0,0,0,3,2,1.2,0,0,0,3,910,4.5,7.4,250.05,Discrepant
2,1.2,0,0,0,3,2,1.2,0,0,0,3,910,4.5,7.5,300.06,Discrepant
2,1.2,0,0,0,3,2,1.2,0,0,0,3,910,4.5,7.6,250.05,Discrepant
2,1.2,0,0,0,3,2,1.2,0,0,0,3,910,4.5,7.7,250.05,Discrepant
2,1.2,0,0,0,3,2,1.2,0,0,0,3,910,4.5,7.7,300.06,Discrepant
2,1.2,0,0,0,3,2,1.2,0,0,0,3,910,4.5,7.8,300.06,Discrepant
2,1.2,0,0,0,3,2,1.2,0,0,0,3,910,4.5,7.9,250.05,Discrepant
2,1.2,0,0,0,3,2,1.2,0,0,0,3,910,4.5,8,250.05,Discrepant
2,1.2,0,0,0,3,2,1.2,0,0,0,3,910,4.5,8,300.06,Discrepant
2,1.2,0,0,0,3,2,1.2,0,0,0,3,910,4.5,8.1,250.05,Discrepant
2,1.2,0,0,0,3,2,1.2,0,0,0,3,910,4.5,8.2,250.05,Discrepant
1,1.2,0,1,70,1,1,1.2,0,1,70,1,899,6,7.5,480,Discrepant
1,1.2,0,1,70,1,1,1.2,0,1,70,1,899,6,7.5,480,Undersized
1,1.2,0,1,70,1,1,1.2,0,1,70,1,899,6,7.8,480,Discrepant
1,1.2,0,1,70,1,1,1.2,0,1,70,1,899,6,7.8,480,Undersized
1,1.2,0,1,70,1,1,1.2,0,1,70,1,899,6,7.8,480,Undersized
1,1.2,0,1,70,1,1,1.2,0,1,70,1,899,6,8,480,Undersized
1,1.2,0,1,70,1,1,1.2,0,1,70,1,899,6,8,480,Undersized
1,1.2,0,1,70,1,1,1.2,0,1,70,1,899,6,8,480,Satisfactory
1,1.2,0,1,70,1,1,1.2,0,1,70,1,899,6,8.2,380,Discrepant
1,1.2,0,1,70,1,1,1.2,0,1,70,1,899,6,8.2,380,Undersized
1,1.2,0,1,70,1,1,1.2,0,1,70,1,899,6,8.2,380,Undersized
1,1.2,0,1,70,1,1,1.2,0,1,70,1,899,6,8.3,480,Satisfactory
1,1.2,0,1,70,1,1,1.2,0,1,70,1,899,6,8.3,480,Satisfactory
1,1.2,0,1,70,1,1,1.2,0,1,70,1,899,6,8.5,380,Discrepant
1,1.2,0,1,70,1,1,1.2,0,1,70,1,899,6,8.5,380,Undersized
1,1.2,0,1,70,1,1,1.2,0,1,70,1,899,6,8.5,380,Satisfactory
1,1.2,0,1,70,1,1,1.2,0,1,70,1,899,6,8.5,480,Undersized
1,1.2,0,1,70,1,1,1.2,0,1,70,1,899,6,8.8,380,Discrepant
1,1.2,0,1,70,1,1,1.2,0,1,70,1,899,6,8.8,380,Satisfactory
1,1.2,0,1,70,1,1,1.2,0,1,70,1,899,6,9.1,380,Undersized
1,1.2,0,1,70,1,1,1.2,0,1,70,1,899,6,9.1,380,Undersized
1,1.2,0,1,70,1,1,1.2,0,1,70,1,899,6,9.1,380,Satisfactory
1,1.2,0,1,70,1,1,1.2,0,1,70,1,899,6,9.4,380,Undersized
1,1.2,0,1,70,1,1,1.2,0,1,70,1,899,6,9.4,380,Undersized
1,1.2,0,1,70,1,1,1.2,0,1,70,1,899,6,9.4,380,Satisfactory
1,1.2,0,1,94,1,1,1.2,0,1,94,1,1011,6,7.5,400,Undersized
1,1.2,0,1,94,1,1,1.2,0,1,94,1,1011,6,7.5,400,Undersized
1,1.2,0,1,94,1,1,1.2,0,1,94,1,1011,6,7.8,400,Undersized
1,1.2,0,1,94,1,1,1.2,0,1,94,1,1011,6,7.8,400,Undersized
1,1.2,0,1,94,1,1,1.2,0,1,94,1,1011,6,7.8,400,Undersized
1,1.2,0,1,94,1,1,1.2,0,1,94,1,1011,6,8.1,400,Undersized
1,1.2,0,1,94,1,1,1.2,0,1,94,1,1011,6,8.1,400,Satisfactory
1,1.2,0,1,94,1,1,1.2,0,1,94,1,1011,6,8.2,380,Undersized
1,1.2,0,1,94,1,1,1.2,0,1,94,1,1011,6,8.2,380,Undersized
1,1.2,0,1,94,1,1,1.2,0,1,94,1,1011,6,8.2,380,Undersized
1,1.2,0,1,94,1,1,1.2,0,1,94,1,1011,6,8.2,600,Discrepant
1,1.2,0,1,94,1,1,1.2,0,1,94,1,1011,6,8.2,600,Undersized
1,1.2,0,1,94,1,1,1.2,0,1,94,1,1011,6,8.2,600,Satisfactory
1,1.2,0,1,94,1,1,1.2,0,1,94,1,1011,6,8.2,650,Discrepant
1,1.2,0,1,94,1,1,1.2,0,1,94,1,1011,6,8.2,700,Discrepant
1,1.2,0,1,94,1,1,1.2,0,1,94,1,1011,6,8.2,700,Undersized
1,1.2,0,1,94,1,1,1.2,0,1,94,1,1011,6,8.2,700,Undersized
1,1.2,0,1,94,1,1,1.2,0,1,94,1,1011,6,8.2,750,Discrepant
1,1.2,0,1,94,1,1,1.2,0,1,94,1,1011,6,8.2,800,Undersized
1,1.2,0,1,94,1,1,1.2,0,1,94,1,1011,6,8.4,400,Undersized
1,1.2,0,1,94,1,1,1.2,0,1,94,1,1011,6,8.4,400,Satisfactory
1,1.2,0,1,94,1,1,1.2,0,1,94,1,1011,6,8.5,380,Undersized
1,1.2,0,1,94,1,1,1.2,0,1,94,1,1011,6,8.5,380,Undersized
1,1.2,0,1,94,1,1,1.2,0,1,94,1,1011,6,8.5,380,Satisfactory
1,1.2,0,1,94,1,1,1.2,0,1,94,1,1011,6,8.5,600,Undersized
1,1.2,0,1,94,1,1,1.2,0,1,94,1,1011,6,8.5,600,Satisfactory
1,1.2,0,1,94,1,1,1.2,0,1,94,1,1011,6,8.5,600,Satisfactory
1,1.2,0,1,94,1,1,1.2,0,1,94,1,1011,6,8.5,650,Undersized
1,1.2,0,1,94,1,1,1.2,0,1,94,1,1011,6,8.5,650,Undersized
1,1.2,0,1,94,1,1,1.2,0,1,94,1,1011,6,8.5,650,Satisfactory
1,1.2,0,1,94,1,1,1.2,0,1,94,1,1011,6,8.5,700,Undersized
1,1.2,0,1,94,1,1,1.2,0,1,94,1,1011,6,8.5,700,Satisfactory
1,1.2,0,1,94,1,1,1.2,0,1,94,1,1011,6,8.5,700,Satisfactory
1,1.2,0,1,94,1,1,1.2,0,1,94,1,1011,6,8.5,800,Undersized
1,1.2,0,1,94,1,1,1.2,0,1,94,1,1011,6,8.5,800,Satisfactory
1,1.2,0,1,94,1,1,1.2,0,1,94,1,1011,6,8.7,400,Undersized
1,1.2,0,1,94,1,1,1.2,0,1,94,1,1011,6,8.7,400,Satisfactory
1,1.2,0,1,94,1,1,1.2,0,1,94,1,1011,6,8.8,380,Satisfactory
1,1.2,0,1,94,1,1,1.2,0,1,94,1,1011,6,8.8,380,Satisfactory
1,1.2,0,1,94,1,1,1.2,0,1,94,1,1011,6,8.8,600,Discrepant
1,1.2,0,1,94,1,1,1.2,0,1,94,1,1011,6,8.8,600,Discrepant
1,1.2,0,1,94,1,1,1.2,0,1,94,1,1011,6,8.8,600,Satisfactory
1,1.2,0,1,94,1,1,1.2,0,1,94,1,1011,6,8.8,650,Satisfactory
1,1.2,0,1,94,1,1,1.2,0,1,94,1,1011,6,8.8,650,Satisfactory
1,1.2,0,1,94,1,1,1.2,0,1,94,1,1011,6,8.8,650,Satisfactory
1,1.2,0,1,94,1,1,1.2,0,1,94,1,1011,6,8.8,700,Satisfactory
1,1.2,0,1,94,1,1,1.2,0,1,94,1,1011,6,8.8,700,Satisfactory
1,1.2,0,1,94,1,1,1.2,0,1,94,1,1011,6,8.8,700,Satisfactory
1,1.2,0,1,94,1,1,1.2,0,1,94,1,1011,6,8.8,750,Undersized
1,1.2,0,1,94,1,1,1.2,0,1,94,1,1011,6,8.8,750,Undersized
1,1.2,0,1,94,1,1,1.2,0,1,94,1,1011,6,8.8,750,Undersized
1,1.2,0,1,94,1,1,1.2,0,1,94,1,1011,6,8.8,800,Undersized
1,1.2,0,1,94,1,1,1.2,0,1,94,1,1011,6,8.8,800,Satisfactory
1,1.2,0,1,94,1,1,1.2,0,1,94,1,1011,6,8.8,800,Satisfactory
1,1.2,0,1,94,1,1,1.2,0,1,94,1,1011,6,9,300,Satisfactory
1,1.2,0,1,94,1,1,1.2,0,1,94,1,1011,6,9,300,Satisfactory
1,1.2,0,1,94,1,1,1.2,0,1,94,1,1011,6,9,300,Satisfactory
1,1.2,0,1,94,1,1,1.2,0,1,94,1,1011,6,9,400,Undersized
1,1.2,0,1,94,1,1,1.2,0,1,94,1,1011,6,9,400,Undersized
1,1.2,0,1,94,1,1,1.2,0,1,94,1,1011,6,9,400,Satisfactory
1,1.2,0,1,94,1,1,1.2,0,1,94,1,1011,6,9,400,Satisfactory
1,1.2,0,1,94,1,1,1.2,0,1,94,1,1011,6,9,400,Satisfactory
1,1.2,0,1,94,1,1,1.2,0,1,94,1,1011,6,9,500,Undersized
1,1.2,0,1,94,1,1,1.2,0,1,94,1,1011,6,9,500,Satisfactory
1,1.2,0,1,94,1,1,1.2,0,1,94,1,1011,6,9,500,Satisfactory
1,1.2,0,1,94,1,1,1.2,0,1,94,1,1011,6,9,600,Undersized
1,1.2,0,1,94,1,1,1.2,0,1,94,1,1011,6,9,600,Satisfactory
1,1.2,0,1,94,1,1,1.2,0,1,94,1,1011,6,9,600,Satisfactory
1,1.2,0,1,94,1,1,1.2,0,1,94,1,1011,6,9,700,Satisfactory
1,1.2,0,1,94,1,1,1.2,0,1,94,1,1011,6,9,700,Satisfactory
1,1.2,0,1,94,1,1,1.2,0,1,94,1,1011,6,9,700,Satisfactory
1,1.2,0,1,94,1,1,1.2,0,1,94,1,1011,6,9,800,Undersized
1,1.2,0,1,94,1,1,1.2,0,1,94,1,1011,6,9,800,Satisfactory
1,1.2,0,1,94,1,1,1.2,0,1,94,1,1011,6,9,800,Satisfactory
1,1.2,0,1,94,1,1,1.2,0,1,94,1,1011,6,9.1,380,Satisfactory
1,1.2,0,1,94,1,1,1.2,0,1,94,1,1011,6,9.1,380,Satisfactory
1,1.2,0,1,94,1,1,1.2,0,1,94,1,1011,6,9.1,380,Satisfactory
1,1.2,0,1,94,1,1,1.2,0,1,94,1,1011,6,9.1,600,Satisfactory
1,1.2,0,1,94,1,1,1.2,0,1,94,1,1011,6,9.1,600,Satisfactory
1,1.2,0,1,94,1,1,1.2,0,1,94,1,1011,6,9.1,600,Satisfactory
1,1.2,0,1,94,1,1,1.2,0,1,94,1,1011,6,9.1,650,Satisfactory
1,1.2,0,1,94,1,1,1.2,0,1,94,1,1011,6,9.1,650,Satisfactory
1,1.2,0,1,94,1,1,1.2,0,1,94,1,1011,6,9.1,700,Undersized
1,1.2,0,1,94,1,1,1.2,0,1,94,1,1011,6,9.1,700,Satisfactory
1,1.2,0,1,94,1,1,1.2,0,1,94,1,1011,6,9.1,700,Satisfactory
1,1.2,0,1,94,1,1,1.2,0,1,94,1,1011,6,9.1,750,Undersized
1,1.2,0,1,94,1,1,1.2,0,1,94,1,1011,6,9.1,750,Satisfactory
1,1.2,0,1,94,1,1,1.2,0,1,94,1,1011,6,9.1,750,Satisfactory
1,1.2,0,1,94,1,1,1.2,0,1,94,1,1011,6,9.1,800,Discrepant
1,1.2,0,1,94,1,1,1.2,0,1,94,1,1011,6,9.1,800,Undersized
1,1.2,0,1,94,1,1,1.2,0,1,94,1,1011,6,9.1,800,Satisfactory
1,1.2,0,1,94,1,1,1.2,0,1,94,1,1011,6,9.4,380,Discrepant
1,1.2,0,1,94,1,1,1.2,0,1,94,1,1011,6,9.4,380,Undersized
1,1.2,0,1,94,1,1,1.2,0,1,94,1,1011,6,9.4,380,Satisfactory
1,1.2,0,1,94,1,1,1.2,0,1,94,1,1011,6,9.4,600,Discrepant
1,1.2,0,1,94,1,1,1.2,0,1,94,1,1011,6,9.4,600,Undersized
1,1.2,0,1,94,1,1,1.2,0,1,94,1,1011,6,9.4,600,Undersized
1,1.2,0,1,94,1,1,1.2,0,1,94,1,1011,6,9.4,650,Discrepant
1,1.2,0,1,94,1,1,1.2,0,1,94,1,1011,6,9.4,650,Undersized
1,1.2,0,1,94,1,1,1.2,0,1,94,1,1011,6,9.4,650,Satisfactory
1,1.2,0,1,94,1,1,1.2,0,1,94,1,1011,6,9.4,700,Discrepant
1,1.2,0,1,94,1,1,1.2,0,1,94,1,1011,6,9.4,700,Undersized
1,1.2,0,1,94,1,1,1.2,0,1,94,1,1011,6,9.4,700,Undersized
1,1.2,0,1,94,1,1,1.2,0,1,94,1,1011,6,9.4,750,Undersized
1,1.2,0,1,94,1,1,1.2,0,1,94,1,1011,6,9.4,750,Undersized
1,1.2,0,1,94,1,1,1.2,0,1,94,1,1011,6,9.4,750,Undersized
